Brand,Model,Year,Fuel_Type,Transmission,Price,Mileage,Engine_CC,Seating_Capacity,Vehicle_Segment,ADAS_Level,Connected_Car,OTA_Update_Enabled,Vehicle_Age,Cybersecurity_Service
Hyundai,Creta,2022,Petrol,Manual,988323,12.5,1197,5,Budget,3,Yes,Yes,4,Vulnerability Management
Tata,Safari,2021,Hybrid,Automatic,1835514,12.1,1197,6,Midrange,2,No,No,5,Threat Detection
Honda,Elevate,2020,Petrol,CVT,799191,22.9,998,6,Budget,0,No,No,6,Basic Monitoring
Hyundai,Venue,2019,Diesel,CVT,1751782,23.9,1497,5,Midrange,1,Yes,Yes,7,OTA Security
Toyota,Fortuner,2024,Petrol,Automatic,1494081,24.6,2184,5,Midrange,1,No,No,2,Basic Monitoring
Mahindra,Thar,2021,Petrol,Automatic,4135544,25.8,998,5,Luxury,2,Yes,Yes,5,Premium Cyber Suite
Tata,Harrier,2024,Petrol,Manual,4259469,27.9,2184,6,Luxury,2,Yes,Yes,2,Premium Cyber Suite
Mahindra,ScorpioN,2020,Petrol,Automatic,906491,18.5,1197,7,Budget,1,No,No,6,Basic Monitoring
MG,ZS EV,2018,Electric,Manual,1556768,598.6,0,7,Budget,1,Yes,Yes,8,Vulnerability Management
Kia,Carens,2018,Hybrid,Manual,2993676,14,1498,5,Premium,1,No,No,8,Threat Detection
MG,ZS EV,2022,Electric,CVT,1955789,463.1,0,5,Midrange,3,Yes,Yes,4,Premium Cyber Suite
Honda,City,2026,Electric,DCT,4714019,557.6,0,5,Luxury,1,Yes,No,0,Vulnerability Management
Toyota,Fortuner,2021,Electric,DCT,1454798,436.4,0,5,Budget,2,No,No,5,Threat Detection
Mahindra,Thar,2025,Electric,Manual,2218029,505.5,0,5,Midrange,1,Yes,Yes,1,Vulnerability Management
Kia,Sonet,2023,Diesel,Automatic,717806,22.6,998,5,Budget,0,Yes,Yes,3,Threat Detection
Tata,Nexon,2019,Electric,CVT,1324782,503.2,0,7,Budget,1,Yes,Yes,7,Vulnerability Management
MG,ZS EV,2025,Electric,Manual,1425994,269,0,5,Budget,1,Yes,No,1,OTA Security
Tata,Harrier,2023,Electric,Manual,1481168,337.4,0,5,Budget,1,Yes,Yes,3,Vulnerability Management
MG,Astor,2019,Petrol,DCT,2348896,15,1498,6,Premium,3,No,No,7,OTA Security
Toyota,Innova,2018,Petrol,Manual,1785762,29.2,1997,6,Midrange,2,Yes,Yes,8,Vulnerability Management
Mahindra,XUV700,2022,Petrol,Manual,2331959,21.1,1997,5,Premium,2,Yes,Yes,4,Vulnerability Management
Tata,Safari,2019,Electric,Manual,1651841,336.2,0,7,Budget,1,Yes,No,7,OTA Security
Tata,Safari,2019,Diesel,Automatic,1790055,17.7,1497,6,Midrange,1,No,No,7,Basic Monitoring
Mahindra,Thar,2022,Diesel,DCT,3804883,29.9,998,7,Luxury,1,No,No,4,Threat Detection
Toyota,Hyryder,2022,Petrol,Manual,728075,24.7,1997,7,Budget,1,Yes,No,4,Threat Detection
Tata,Safari,2026,Petrol,Automatic,3870407,25.4,1197,5,Luxury,1,No,No,0,Threat Detection
Kia,Carens,2021,Hybrid,Manual,1738403,12.9,2184,6,Midrange,1,Yes,No,5,OTA Security
Kia,Seltos,2018,Petrol,Manual,3884715,12.2,998,5,Luxury,2,Yes,Yes,8,Premium Cyber Suite
Tata,Harrier,2026,Petrol,Manual,1771325,12.7,1497,5,Midrange,3,No,No,0,Threat Detection
Toyota,Hyryder,2019,Petrol,Automatic,2625405,16.3,1197,5,Premium,2,No,No,7,Threat Detection
Maruti,Brezza,2020,Hybrid,Manual,4520602,16.5,1197,5,Luxury,2,No,No,6,OTA Security
Maruti,Brezza,2025,Petrol,CVT,1460007,16,2184,5,Midrange,2,No,No,1,Threat Detection
Maruti,Grand Vitara,2022,Electric,DCT,1536321,545.3,0,5,Budget,1,No,No,4,Threat Detection
Tata,Nexon,2022,Petrol,DCT,656834,19.9,1997,5,Budget,2,Yes,Yes,4,OTA Security
Maruti,Baleno,2021,Petrol,Automatic,1085267,28.9,2184,5,Budget,2,No,No,5,Basic Monitoring
Honda,Elevate,2019,Electric,DCT,2247806,355.1,0,5,Midrange,2,No,No,7,OTA Security
Maruti,Grand Vitara,2024,Hybrid,Automatic,1248614,23.1,1497,6,Budget,3,Yes,No,2,Vulnerability Management
Tata,Harrier,2022,Petrol,CVT,1468951,20.5,2184,5,Midrange,1,Yes,Yes,4,OTA Security
Hyundai,Venue,2026,Hybrid,Automatic,1399121,16,1197,5,Budget,2,No,No,0,Threat Detection
Tata,Nexon,2021,Electric,Automatic,3138769,318.1,0,6,Premium,1,No,No,5,Threat Detection
MG,Hector,2021,Petrol,Automatic,2751118,15.2,2184,7,Premium,2,Yes,Yes,5,Vulnerability Management
MG,ZS EV,2026,Petrol,CVT,1720173,22.1,1497,6,Midrange,1,No,No,0,Basic Monitoring
Maruti,Baleno,2025,Electric,Automatic,2035891,347.1,0,7,Midrange,2,No,No,1,OTA Security
MG,Astor,2021,Petrol,Manual,742456,13.5,1197,5,Budget,1,No,No,5,Basic Monitoring
Maruti,Baleno,2020,Hybrid,Manual,1884484,19,1997,5,Midrange,1,Yes,No,6,OTA Security
Maruti,Grand Vitara,2018,Electric,Manual,2367476,441.1,0,7,Midrange,3,Yes,Yes,8,Premium Cyber Suite
Toyota,Innova,2021,Petrol,Automatic,1650682,20.4,1197,7,Midrange,2,Yes,Yes,5,Vulnerability Management
Tata,Harrier,2018,Petrol,Automatic,2395278,15.8,1497,5,Premium,0,No,No,8,Basic Monitoring
Maruti,Grand Vitara,2024,Petrol,Manual,882810,16,998,5,Budget,0,No,No,2,Basic Monitoring
Tata,Nexon,2021,Electric,Automatic,1448282,494.8,0,5,Budget,2,Yes,Yes,5,Vulnerability Management
Mahindra,Thar,2019,Hybrid,Manual,1903397,29.2,1498,5,Midrange,0,Yes,Yes,7,OTA Security
Hyundai,Verna,2021,Petrol,CVT,2614788,22.2,998,5,Premium,2,No,No,5,Threat Detection
Maruti,Baleno,2023,Petrol,Automatic,820231,23.4,1498,5,Budget,2,Yes,No,3,Threat Detection
Maruti,Brezza,2026,Electric,Manual,3182157,457.4,0,5,Premium,2,Yes,No,0,Vulnerability Management
Toyota,Fortuner,2022,Electric,Manual,2219989,363.8,0,6,Midrange,2,Yes,Yes,4,Premium Cyber Suite
Toyota,Innova,2022,Petrol,CVT,2444844,16.3,1498,6,Premium,2,Yes,Yes,4,Vulnerability Management
Toyota,Hyryder,2025,Diesel,Automatic,2348786,24,1497,6,Premium,1,Yes,Yes,1,Vulnerability Management
Honda,Elevate,2026,Petrol,Automatic,731807,17.7,2184,7,Budget,1,No,No,0,Basic Monitoring
Mahindra,XUV700,2021,Hybrid,Manual,1998567,15.5,1197,5,Midrange,1,Yes,Yes,5,Vulnerability Management
Mahindra,ScorpioN,2018,Hybrid,Manual,928587,14.3,1498,5,Budget,2,No,No,8,Threat Detection
Tata,Safari,2022,Diesel,Automatic,626936,14.1,998,6,Budget,1,No,No,4,Basic Monitoring
MG,ZS EV,2018,Petrol,CVT,3844659,22.9,1997,5,Luxury,3,Yes,Yes,8,Premium Cyber Suite
Maruti,Grand Vitara,2025,Petrol,Automatic,1598125,29.1,1197,5,Midrange,2,Yes,Yes,1,Vulnerability Management
Kia,Carens,2019,Petrol,Manual,601402,20.5,998,5,Budget,1,No,No,7,Basic Monitoring
Kia,Carens,2022,Hybrid,Automatic,2084395,22.6,1197,6,Midrange,1,No,No,4,Threat Detection
Hyundai,Verna,2021,Diesel,DCT,2337439,22.7,1997,5,Premium,0,No,No,5,Basic Monitoring
MG,ZS EV,2025,Hybrid,Automatic,4362391,28,2184,5,Luxury,1,Yes,Yes,1,Premium Cyber Suite
Kia,Seltos,2019,Petrol,Automatic,2607821,24.1,1497,7,Premium,3,No,No,7,OTA Security
Tata,Nexon,2025,Diesel,Automatic,906881,29.4,1498,5,Budget,1,No,No,1,Basic Monitoring
Maruti,Grand Vitara,2023,Hybrid,CVT,1963684,19.2,1997,5,Midrange,1,No,No,3,Threat Detection
MG,ZS EV,2023,Petrol,Manual,2753462,23.8,1997,6,Premium,1,No,No,3,Threat Detection
Maruti,Brezza,2021,Diesel,Automatic,1531756,28.7,1498,6,Midrange,2,Yes,Yes,5,Vulnerability Management
Hyundai,Creta,2021,Hybrid,Manual,1113904,28.4,1498,5,Budget,0,No,No,5,Basic Monitoring
Mahindra,ScorpioN,2022,Diesel,Manual,2547579,18.9,1997,7,Premium,1,No,No,4,Threat Detection
Mahindra,XUV700,2022,Hybrid,CVT,2012990,17.1,1497,7,Midrange,1,No,No,4,Threat Detection
MG,ZS EV,2025,Diesel,Manual,1584913,27.7,2184,5,Midrange,1,No,No,1,Basic Monitoring
Maruti,Brezza,2024,Petrol,Automatic,2725411,26.3,2184,5,Premium,1,No,No,2,Threat Detection
MG,ZS EV,2020,Diesel,Automatic,2758327,12.3,1197,6,Premium,2,Yes,No,6,OTA Security
Mahindra,XUV700,2025,Hybrid,Manual,1808395,27.3,1997,6,Midrange,2,No,No,1,Threat Detection
Honda,Amaze,2025,Electric,Manual,1530910,281.6,0,5,Budget,2,Yes,Yes,1,Vulnerability Management
Hyundai,Venue,2020,Hybrid,DCT,1317408,19.8,1197,7,Budget,0,No,No,6,Basic Monitoring
Maruti,Baleno,2020,Petrol,Manual,2624906,16.2,2184,5,Premium,2,Yes,Yes,6,Vulnerability Management
MG,Hector,2018,Electric,Automatic,1486574,370.9,0,7,Budget,0,No,No,8,Basic Monitoring
Kia,Carens,2024,Hybrid,Automatic,1801690,18.5,1497,5,Midrange,3,Yes,Yes,2,Premium Cyber Suite
Tata,Safari,2024,Petrol,Automatic,1690420,25.4,1497,5,Midrange,3,No,No,2,Threat Detection
Honda,City,2021,Diesel,Automatic,2645600,23.3,998,5,Premium,2,Yes,Yes,5,Vulnerability Management
MG,ZS EV,2023,Hybrid,Manual,1291895,27.8,1497,7,Budget,1,Yes,Yes,3,Vulnerability Management
Kia,Seltos,2022,Electric,DCT,4554739,587,0,5,Luxury,2,Yes,Yes,4,Premium Cyber Suite
Toyota,Hyryder,2024,Electric,CVT,2314545,379,0,5,Midrange,1,Yes,Yes,2,Vulnerability Management
Maruti,Baleno,2023,Petrol,Manual,1063593,23.7,2184,6,Budget,3,Yes,Yes,3,Vulnerability Management
Kia,Carens,2024,Petrol,Manual,858277,19,1497,7,Budget,0,Yes,Yes,2,Threat Detection
Maruti,Baleno,2020,Electric,Automatic,3222779,261.5,0,5,Premium,1,No,No,6,Threat Detection
Toyota,Innova,2025,Electric,CVT,1559493,475.7,0,5,Budget,1,No,No,1,Threat Detection
Maruti,Grand Vitara,2021,Electric,DCT,2948063,257.5,0,5,Premium,2,Yes,Yes,5,Premium Cyber Suite
Toyota,Fortuner,2021,Petrol,CVT,713220,26.2,1997,5,Budget,2,Yes,Yes,5,OTA Security
Kia,Seltos,2020,Diesel,CVT,1054268,16.3,1497,5,Budget,0,Yes,Yes,6,Threat Detection
Mahindra,ScorpioN,2018,Petrol,Automatic,633322,21.2,998,6,Budget,1,No,No,8,Basic Monitoring
Toyota,Hyryder,2018,Hybrid,DCT,1758141,13.1,1498,6,Midrange,1,No,No,8,Threat Detection
Maruti,Baleno,2019,Diesel,DCT,642357,23.2,1997,7,Budget,1,Yes,Yes,7,OTA Security
Honda,Elevate,2026,Petrol,Automatic,1715810,23.7,1997,5,Midrange,2,No,No,0,Threat Detection
Maruti,Grand Vitara,2021,Diesel,CVT,1682527,24,1497,5,Midrange,0,No,No,5,Basic Monitoring
MG,ZS EV,2019,Electric,Manual,1587341,584.8,0,7,Budget,1,Yes,Yes,7,Vulnerability Management
Honda,Amaze,2019,Diesel,CVT,4021740,22.8,1497,5,Luxury,3,Yes,No,7,Vulnerability Management
Toyota,Fortuner,2025,Petrol,Manual,2492707,19.7,1997,7,Premium,0,Yes,Yes,1,OTA Security
Tata,Safari,2022,Petrol,Manual,2783151,22.2,1498,5,Premium,1,Yes,No,4,OTA Security
Mahindra,Thar,2018,Petrol,Automatic,1537841,26,1997,7,Midrange,1,Yes,Yes,8,OTA Security
Hyundai,Creta,2020,Petrol,Automatic,1442660,19.5,1197,7,Midrange,1,Yes,Yes,6,OTA Security
Hyundai,Venue,2024,Petrol,Automatic,1576265,22.8,998,5,Midrange,2,Yes,Yes,2,Vulnerability Management
Kia,Seltos,2020,Hybrid,Manual,1160773,24.7,1997,7,Budget,2,Yes,Yes,6,Vulnerability Management
Honda,City,2024,Electric,Manual,1682954,391.5,0,6,Budget,0,Yes,Yes,2,OTA Security
Kia,Seltos,2024,Petrol,Manual,2624075,18.5,1498,5,Premium,1,No,No,2,Threat Detection
Toyota,Innova,2024,Diesel,Automatic,1478002,13.4,2184,5,Midrange,1,No,No,2,Basic Monitoring
Toyota,Innova,2023,Hybrid,CVT,2723872,14.8,2184,5,Premium,0,Yes,Yes,3,Vulnerability Management
Mahindra,Thar,2025,Diesel,Automatic,1657110,23.2,2184,5,Midrange,3,Yes,Yes,1,Vulnerability Management
Mahindra,ScorpioN,2019,Diesel,Automatic,2610074,17.6,1498,5,Premium,0,No,No,7,Basic Monitoring
Tata,Harrier,2022,Petrol,CVT,2622441,29.2,2184,5,Premium,2,Yes,Yes,4,Vulnerability Management
MG,Astor,2021,Petrol,Automatic,632439,27.1,2184,5,Budget,1,No,No,5,Basic Monitoring
Mahindra,XUV700,2021,Hybrid,DCT,1919713,17.1,1498,5,Midrange,0,No,No,5,Basic Monitoring
Tata,Safari,2023,Petrol,Manual,1448974,29.4,1997,5,Midrange,1,No,No,3,Basic Monitoring
Honda,City,2020,Electric,Manual,2247149,578.3,0,5,Midrange,1,No,No,6,Threat Detection
Maruti,Baleno,2023,Electric,Automatic,3287330,282.7,0,6,Premium,3,No,No,3,OTA Security
Honda,City,2023,Petrol,DCT,1701686,13.4,998,7,Midrange,1,Yes,Yes,3,OTA Security
Tata,Safari,2023,Electric,Automatic,1980872,519.9,0,5,Midrange,0,No,No,3,Basic Monitoring
MG,ZS EV,2024,Petrol,Automatic,4120127,20.1,1997,5,Luxury,1,No,No,2,Threat Detection
Kia,Sonet,2021,Petrol,DCT,4042053,21.1,1498,5,Luxury,2,No,No,5,OTA Security
Toyota,Hyryder,2020,Electric,Manual,2094622,547.9,0,5,Midrange,2,Yes,No,6,Vulnerability Management
Hyundai,Creta,2022,Diesel,Automatic,2348084,18.3,998,6,Premium,3,Yes,Yes,4,Premium Cyber Suite
Tata,Harrier,2026,Petrol,Automatic,717722,27.1,2184,5,Budget,0,No,No,0,Basic Monitoring
Mahindra,XUV700,2018,Petrol,CVT,1372767,28.3,998,5,Midrange,2,Yes,Yes,8,Vulnerability Management
Toyota,Fortuner,2026,Electric,Automatic,2306937,396.9,0,7,Midrange,1,Yes,Yes,0,Vulnerability Management
MG,ZS EV,2019,Electric,Automatic,2231326,400.2,0,7,Midrange,1,Yes,Yes,7,Vulnerability Management
Honda,City,2024,Petrol,Automatic,1489060,21.1,1997,7,Midrange,0,No,No,2,Basic Monitoring
Tata,Harrier,2025,Petrol,Automatic,1691809,18.2,2184,5,Midrange,0,No,No,1,Basic Monitoring
Honda,City,2018,Petrol,Manual,1735360,23.4,1197,5,Midrange,2,Yes,Yes,8,Vulnerability Management
MG,ZS EV,2022,Petrol,CVT,2465463,21.8,1497,5,Premium,3,Yes,No,4,Vulnerability Management
Toyota,Innova,2023,Electric,Manual,2043244,561.3,0,6,Midrange,0,No,No,3,Threat Detection
Maruti,Grand Vitara,2020,Diesel,Automatic,4072250,19.8,1197,7,Luxury,1,Yes,Yes,6,Vulnerability Management
Kia,Sonet,2019,Petrol,Automatic,1615947,20,2184,5,Midrange,2,Yes,Yes,7,Vulnerability Management
Maruti,Grand Vitara,2018,Petrol,Automatic,1720005,27.3,2184,6,Midrange,2,Yes,Yes,8,Vulnerability Management
Tata,Nexon,2019,Petrol,Automatic,1797794,29.1,1497,6,Midrange,2,Yes,Yes,7,Vulnerability Management
Hyundai,Verna,2020,Diesel,Automatic,1430868,21.3,1997,5,Midrange,3,Yes,Yes,6,Vulnerability Management
Kia,Sonet,2025,Petrol,Automatic,1557530,15.1,2184,6,Midrange,1,Yes,Yes,1,OTA Security
Hyundai,Verna,2023,Hybrid,Automatic,1752233,24.8,2184,5,Midrange,3,No,No,3,OTA Security
Honda,Amaze,2021,Petrol,Manual,1014383,20.4,1997,5,Budget,1,Yes,Yes,5,OTA Security
Hyundai,Creta,2022,Petrol,Automatic,1515374,13.3,1497,5,Midrange,2,No,No,4,Threat Detection
MG,Hector,2026,Petrol,CVT,2635436,14.3,1997,5,Premium,2,No,No,0,Threat Detection
Hyundai,Verna,2020,Petrol,Manual,3918211,28.1,998,5,Luxury,1,No,No,6,Threat Detection
Toyota,Hyryder,2026,Petrol,Automatic,1348983,14.8,2184,7,Midrange,1,Yes,No,0,Threat Detection
Honda,Amaze,2018,Electric,Manual,1536306,450.2,0,7,Budget,2,Yes,Yes,8,Vulnerability Management
Tata,Harrier,2026,Petrol,DCT,1721888,24.4,1197,6,Midrange,2,Yes,Yes,0,Vulnerability Management
Maruti,Grand Vitara,2025,Petrol,Automatic,1676629,18.2,1498,5,Midrange,1,No,No,1,Basic Monitoring
Honda,Amaze,2026,Petrol,Manual,835717,18.9,1997,6,Budget,1,Yes,Yes,0,OTA Security
Toyota,Fortuner,2023,Electric,Automatic,1283541,424.6,0,5,Budget,1,No,No,3,Threat Detection
MG,ZS EV,2019,Electric,Automatic,4512797,459.1,0,6,Luxury,2,Yes,Yes,7,Premium Cyber Suite
Kia,Carens,2018,Electric,Automatic,3281423,267.9,0,7,Premium,1,Yes,Yes,8,Vulnerability Management
Toyota,Innova,2026,Petrol,Automatic,1588283,24.2,998,5,Midrange,1,No,No,0,Basic Monitoring
Hyundai,Venue,2023,Hybrid,Manual,4495819,19.2,998,5,Luxury,0,No,No,3,Threat Detection
Tata,Nexon,2023,Electric,Automatic,1668258,306.9,0,7,Budget,1,Yes,Yes,3,Vulnerability Management
Kia,Carens,2023,Diesel,Automatic,1595134,18.6,2184,5,Midrange,1,No,No,3,Basic Monitoring
Maruti,Baleno,2022,Hybrid,Automatic,1613970,29.5,1997,7,Midrange,2,Yes,Yes,4,Vulnerability Management
Toyota,Hyryder,2018,Diesel,Manual,1624920,16.4,1997,5,Midrange,2,Yes,No,8,OTA Security
Toyota,Fortuner,2025,Petrol,Manual,1515155,20.5,2184,5,Midrange,1,No,No,1,Basic Monitoring
Mahindra,Thar,2021,Diesel,DCT,1497564,18.2,1497,5,Midrange,1,Yes,No,5,Threat Detection
MG,ZS EV,2021,Petrol,Manual,3956035,24.4,1498,5,Luxury,2,No,No,5,OTA Security
MG,Hector,2026,Electric,CVT,1263897,388.1,0,5,Budget,2,Yes,No,0,OTA Security
Mahindra,ScorpioN,2018,Petrol,Automatic,1531932,15.9,1997,5,Midrange,2,No,No,8,Threat Detection
Kia,Seltos,2019,Diesel,Automatic,951185,13.8,1497,6,Budget,3,Yes,Yes,7,Vulnerability Management
Hyundai,Verna,2020,Petrol,Automatic,4013336,20.6,2184,5,Luxury,2,No,No,6,OTA Security
Kia,Sonet,2022,Diesel,DCT,901011,27.3,998,5,Budget,1,No,No,4,Basic Monitoring
Maruti,Brezza,2018,Electric,Automatic,2391052,351.3,0,5,Midrange,2,No,No,8,OTA Security
Tata,Harrier,2019,Electric,Manual,2236232,547.9,0,6,Midrange,1,Yes,No,7,OTA Security
Kia,Seltos,2019,Petrol,Automatic,1676752,26.2,1997,5,Midrange,0,No,No,7,Basic Monitoring
Mahindra,Thar,2024,Electric,Automatic,1550882,417.1,0,5,Budget,0,No,No,2,Basic Monitoring
Tata,Harrier,2024,Petrol,CVT,3958306,18.5,1197,5,Luxury,2,Yes,Yes,2,Premium Cyber Suite
Hyundai,Venue,2022,Petrol,Automatic,4265463,28.5,1497,5,Luxury,2,Yes,Yes,4,Premium Cyber Suite
Toyota,Fortuner,2020,Diesel,Automatic,3995887,20.5,1997,5,Luxury,1,No,No,6,Threat Detection
Toyota,Hyryder,2019,Diesel,Automatic,1780900,21.1,1997,7,Midrange,2,Yes,Yes,7,Vulnerability Management
Mahindra,XUV700,2023,Electric,Automatic,2275871,533,0,6,Midrange,2,Yes,Yes,3,Premium Cyber Suite
Mahindra,Thar,2024,Diesel,Manual,1723056,12.1,1197,7,Midrange,1,Yes,Yes,2,OTA Security
Hyundai,Creta,2024,Petrol,Manual,4289990,20.5,1497,6,Luxury,3,No,No,2,OTA Security
Mahindra,XUV700,2024,Petrol,CVT,1780832,23.9,1997,5,Midrange,3,Yes,Yes,2,Vulnerability Management
Honda,City,2020,Electric,Automatic,1316753,592.5,0,6,Budget,2,No,No,6,Threat Detection
Maruti,Baleno,2024,Electric,Manual,2044519,517.9,0,5,Midrange,0,No,No,2,Threat Detection
Maruti,Baleno,2018,Petrol,Manual,1534063,12.9,2184,5,Midrange,2,No,No,8,Threat Detection
Maruti,Grand Vitara,2021,Diesel,CVT,2373471,25.2,1497,7,Premium,1,Yes,No,5,OTA Security
Honda,City,2022,Electric,DCT,2116824,557.9,0,5,Midrange,1,Yes,No,4,OTA Security
Maruti,Baleno,2025,Petrol,Manual,1499834,14.7,1498,5,Midrange,2,Yes,Yes,1,Vulnerability Management
MG,ZS EV,2021,Petrol,Automatic,2779587,19.5,1997,5,Premium,0,No,No,5,Basic Monitoring
Maruti,Brezza,2022,Petrol,Automatic,4244141,26.9,998,5,Luxury,1,No,No,4,Threat Detection
Maruti,Baleno,2018,Electric,Manual,3279744,567.5,0,5,Premium,2,Yes,Yes,8,Premium Cyber Suite
Tata,Nexon,2021,Electric,Manual,4651092,388.8,0,5,Luxury,3,Yes,Yes,5,Premium Cyber Suite
Honda,Elevate,2024,Diesel,Automatic,1488557,29.7,1498,5,Midrange,1,Yes,Yes,2,OTA Security
Toyota,Innova,2023,Diesel,Automatic,676505,22.5,2184,6,Budget,0,No,No,3,Basic Monitoring
Kia,Seltos,2021,Petrol,Automatic,2561777,18.1,1498,6,Premium,2,No,No,5,Threat Detection
MG,ZS EV,2023,Petrol,Automatic,1780719,29.2,1997,5,Midrange,3,No,No,3,Threat Detection
Hyundai,Verna,2018,Hybrid,Automatic,2721337,20.2,998,7,Premium,0,Yes,Yes,8,Vulnerability Management
MG,Astor,2025,Petrol,Automatic,1308769,12.3,2184,6,Midrange,1,Yes,No,1,Threat Detection
Mahindra,XUV700,2019,Diesel,Manual,1432339,18.7,1498,6,Midrange,2,Yes,Yes,7,Vulnerability Management
Toyota,Hyryder,2021,Petrol,CVT,1049954,18.8,1498,5,Budget,2,Yes,Yes,5,OTA Security
Tata,Safari,2020,Petrol,CVT,1473681,13.7,1997,5,Midrange,2,No,No,6,Threat Detection
Toyota,Fortuner,2025,Petrol,DCT,1446996,28.7,1497,5,Midrange,3,Yes,Yes,1,Vulnerability Management
Toyota,Hyryder,2020,Hybrid,Automatic,1640337,22.2,1498,7,Midrange,1,No,No,6,Threat Detection
Honda,Elevate,2020,Hybrid,Automatic,1290833,27.1,1497,7,Budget,3,Yes,Yes,6,Premium Cyber Suite
Maruti,Grand Vitara,2018,Diesel,CVT,1419610,19.8,2184,7,Midrange,1,No,No,8,Basic Monitoring
Maruti,Brezza,2022,Hybrid,Automatic,980856,14.8,1498,5,Budget,1,No,No,4,Basic Monitoring
Honda,City,2019,Petrol,Manual,1441435,22,1997,6,Midrange,0,Yes,Yes,7,OTA Security
Hyundai,Creta,2019,Petrol,Manual,1470094,26,2184,7,Midrange,3,Yes,Yes,7,Vulnerability Management
Toyota,Hyryder,2026,Petrol,Automatic,757879,17,1497,6,Budget,1,Yes,Yes,0,OTA Security
Hyundai,Venue,2022,Electric,Automatic,2223312,582.1,0,5,Midrange,0,Yes,Yes,4,Vulnerability Management
Maruti,Grand Vitara,2025,Petrol,CVT,2611633,15.6,1497,5,Premium,0,Yes,No,1,Threat Detection
Maruti,Grand Vitara,2022,Hybrid,Automatic,4509979,19.1,998,7,Luxury,1,Yes,No,4,Vulnerability Management
Toyota,Hyryder,2026,Petrol,CVT,981269,19.9,1497,5,Budget,1,No,No,0,Basic Monitoring
Maruti,Baleno,2025,Petrol,Manual,680815,13.3,1997,6,Budget,2,No,No,1,Basic Monitoring
Maruti,Baleno,2026,Electric,CVT,1919275,437.9,0,5,Midrange,2,Yes,No,0,OTA Security
Hyundai,Creta,2023,Petrol,Automatic,1638182,29.4,1498,5,Midrange,2,Yes,Yes,3,Vulnerability Management
Tata,Nexon,2022,Petrol,Automatic,1660534,25.9,1997,7,Midrange,2,Yes,Yes,4,Vulnerability Management
Mahindra,ScorpioN,2018,Diesel,Manual,3845012,14.6,1497,5,Luxury,0,No,No,8,Threat Detection
MG,ZS EV,2026,Diesel,Automatic,1665304,24.8,998,5,Midrange,1,Yes,Yes,0,OTA Security
Hyundai,Verna,2020,Electric,Automatic,2189359,585.5,0,5,Midrange,0,No,No,6,Threat Detection
Maruti,Baleno,2020,Petrol,Automatic,1686603,19,2184,5,Midrange,2,Yes,Yes,6,Vulnerability Management
Toyota,Innova,2019,Diesel,CVT,1491780,27.5,1997,5,Midrange,1,Yes,Yes,7,OTA Security
Maruti,Baleno,2024,Diesel,Manual,2623675,26.4,1997,7,Premium,0,No,No,2,Basic Monitoring
Hyundai,Verna,2020,Petrol,Manual,795719,14.5,1498,6,Budget,2,Yes,Yes,6,OTA Security
Mahindra,ScorpioN,2026,Hybrid,Automatic,4390934,27.2,1997,5,Luxury,0,Yes,Yes,0,Vulnerability Management
Honda,City,2025,Petrol,CVT,4064995,24.8,1498,6,Luxury,2,Yes,Yes,1,Premium Cyber Suite
Mahindra,XUV700,2018,Hybrid,Manual,1017882,25.4,1498,7,Budget,1,Yes,Yes,8,OTA Security
Hyundai,Verna,2019,Petrol,Automatic,4084186,21.8,1498,5,Luxury,2,Yes,Yes,7,Premium Cyber Suite
Toyota,Innova,2018,Diesel,Manual,2530199,15.8,2184,7,Premium,3,Yes,No,8,Vulnerability Management
Honda,Amaze,2024,Petrol,Manual,708497,22.7,1197,5,Budget,2,Yes,Yes,2,OTA Security
Kia,Sonet,2022,Electric,Automatic,4827389,525,0,5,Luxury,0,No,No,4,Threat Detection
Kia,Carens,2020,Hybrid,Manual,1068871,24.2,1498,5,Budget,2,No,No,6,Threat Detection
Kia,Carens,2024,Petrol,Manual,2703116,17,1497,6,Premium,0,No,No,2,Basic Monitoring
MG,Hector,2018,Electric,CVT,1440359,547.5,0,7,Budget,2,No,No,8,Threat Detection
Maruti,Brezza,2024,Electric,Automatic,2048684,448.1,0,6,Midrange,1,No,No,2,Threat Detection
Honda,Amaze,2018,Petrol,Automatic,2308536,19.9,998,6,Premium,0,No,No,8,Basic Monitoring
Toyota,Hyryder,2020,Electric,Manual,3359588,337.6,0,5,Premium,1,No,No,6,Threat Detection
Mahindra,XUV700,2024,Diesel,Automatic,2525040,12,1498,5,Premium,2,No,No,2,Threat Detection
Mahindra,Thar,2021,Diesel,Automatic,780131,19.6,1197,6,Budget,2,No,No,5,Basic Monitoring
Hyundai,Creta,2024,Petrol,CVT,792708,25.6,1197,5,Budget,3,Yes,Yes,2,Vulnerability Management
Hyundai,Verna,2018,Diesel,Manual,1411702,24.4,1197,5,Midrange,2,Yes,Yes,8,Vulnerability Management
Hyundai,Creta,2019,Diesel,Automatic,3964890,16.5,1997,7,Luxury,2,Yes,Yes,7,Premium Cyber Suite
Kia,Carens,2018,Electric,Automatic,2171449,476.2,0,5,Midrange,2,Yes,Yes,8,Premium Cyber Suite
MG,Hector,2019,Petrol,Automatic,1065947,28.8,1197,6,Budget,3,No,No,7,Threat Detection
Maruti,Grand Vitara,2026,Hybrid,CVT,4503894,12.2,1197,5,Luxury,0,No,No,0,Threat Detection
Tata,Harrier,2026,Petrol,Automatic,2522075,23.1,1497,5,Premium,2,Yes,Yes,0,Vulnerability Management
Kia,Seltos,2026,Electric,DCT,1371311,542.1,0,5,Budget,1,No,No,0,Threat Detection
Kia,Carens,2024,Hybrid,CVT,945200,13,2184,5,Budget,3,Yes,Yes,2,Vulnerability Management
Hyundai,Creta,2020,Hybrid,Manual,4374205,16.7,1497,5,Luxury,1,No,No,6,OTA Security
Kia,Carens,2019,Hybrid,Manual,2742596,23.3,1498,6,Premium,1,Yes,No,7,OTA Security
Honda,City,2025,Electric,Manual,1605447,503,0,5,Budget,0,No,No,1,Basic Monitoring
Tata,Nexon,2018,Petrol,Automatic,1378687,12.6,2184,6,Midrange,0,No,No,8,Basic Monitoring
Toyota,Innova,2021,Diesel,Automatic,640835,12.9,1197,7,Budget,2,Yes,Yes,5,OTA Security
Tata,Harrier,2019,Electric,CVT,3062895,252.8,0,5,Premium,1,No,No,7,Threat Detection
Kia,Carens,2022,Hybrid,Manual,1858663,21.8,1197,5,Midrange,3,Yes,Yes,4,Premium Cyber Suite
Tata,Harrier,2018,Petrol,Manual,2759904,18.8,2184,5,Premium,0,Yes,Yes,8,OTA Security
Hyundai,Creta,2026,Electric,Automatic,4474644,564.1,0,7,Luxury,2,Yes,No,0,Vulnerability Management
Maruti,Baleno,2023,Diesel,Automatic,1564989,13.3,1997,5,Midrange,0,No,No,3,Basic Monitoring
Maruti,Baleno,2020,Petrol,Manual,1719858,17.9,1498,5,Midrange,1,No,No,6,Basic Monitoring
Toyota,Fortuner,2021,Petrol,CVT,655395,19.3,1997,5,Budget,0,No,No,5,Basic Monitoring
Toyota,Innova,2022,Diesel,CVT,1023413,24.5,998,5,Budget,2,No,No,4,Basic Monitoring
Honda,City,2019,Hybrid,DCT,1625664,12.6,1498,6,Midrange,2,Yes,No,7,OTA Security
Toyota,Fortuner,2025,Petrol,CVT,632332,14.4,1498,5,Budget,2,No,No,1,Basic Monitoring
Hyundai,Verna,2022,Electric,Manual,4503678,566.8,0,5,Luxury,3,Yes,Yes,4,Premium Cyber Suite
Hyundai,Creta,2025,Petrol,DCT,1679810,15.1,1197,5,Midrange,1,Yes,Yes,1,OTA Security
Kia,Sonet,2025,Electric,Manual,2028862,417.7,0,5,Midrange,2,Yes,No,1,Vulnerability Management
Kia,Sonet,2020,Diesel,Automatic,2430625,26.3,1498,5,Premium,2,No,No,6,Threat Detection
MG,Astor,2025,Petrol,Automatic,1441786,28.1,1497,5,Midrange,0,Yes,Yes,1,OTA Security
MG,Astor,2023,Hybrid,DCT,4152499,26.2,2184,5,Luxury,1,Yes,Yes,3,Premium Cyber Suite
Toyota,Hyryder,2024,Petrol,CVT,2392327,18.5,1997,5,Premium,1,Yes,Yes,2,Vulnerability Management
Honda,Amaze,2020,Diesel,Manual,4262226,12.7,998,5,Luxury,3,Yes,Yes,6,Premium Cyber Suite
Toyota,Fortuner,2026,Diesel,Manual,1722809,28.5,1497,5,Midrange,0,No,No,0,Basic Monitoring
Tata,Nexon,2020,Hybrid,CVT,2638027,19.1,998,5,Premium,1,No,No,6,Threat Detection
Kia,Sonet,2020,Electric,Automatic,2235159,589.1,0,7,Midrange,3,Yes,Yes,6,Premium Cyber Suite
Honda,City,2020,Petrol,Automatic,693170,29.1,1498,7,Budget,2,No,No,6,Basic Monitoring
Tata,Nexon,2023,Electric,DCT,1496511,365.9,0,5,Budget,0,No,No,3,Basic Monitoring
Toyota,Innova,2023,Petrol,CVT,971702,18,998,5,Budget,2,No,No,3,Basic Monitoring
Toyota,Fortuner,2019,Petrol,CVT,2325243,29.4,1498,6,Premium,1,No,No,7,Threat Detection
Maruti,Grand Vitara,2026,Petrol,CVT,2603067,14.9,998,5,Premium,2,No,No,0,Threat Detection
Kia,Seltos,2023,Petrol,Manual,1765531,21.8,998,5,Midrange,1,No,No,3,Basic Monitoring
MG,Astor,2018,Diesel,Automatic,1527646,15.4,2184,7,Midrange,0,Yes,Yes,8,OTA Security
Kia,Carens,2022,Petrol,Manual,1588181,19.7,1497,7,Midrange,2,Yes,Yes,4,Vulnerability Management
MG,ZS EV,2019,Petrol,Manual,642958,20.5,2184,5,Budget,1,Yes,Yes,7,OTA Security
Hyundai,Verna,2026,Petrol,Automatic,1397823,16.1,1497,7,Midrange,1,Yes,Yes,0,OTA Security
Tata,Nexon,2019,Petrol,Manual,1696601,26.7,1498,7,Midrange,2,Yes,No,7,OTA Security
MG,Astor,2021,Diesel,Manual,4174501,21.3,1997,7,Luxury,0,No,No,5,Threat Detection
Mahindra,XUV700,2025,Petrol,DCT,4223866,24.3,1197,5,Luxury,0,Yes,Yes,1,Vulnerability Management
Kia,Sonet,2019,Petrol,Automatic,1749117,26.2,1997,7,Midrange,1,Yes,No,7,Threat Detection
Maruti,Brezza,2024,Petrol,Automatic,1792647,26.1,1997,5,Midrange,0,Yes,Yes,2,OTA Security
Maruti,Grand Vitara,2024,Hybrid,Automatic,1690282,24.5,998,6,Midrange,1,Yes,Yes,2,Vulnerability Management
Honda,Amaze,2021,Petrol,Automatic,795266,17.5,1497,6,Budget,0,No,No,5,Basic Monitoring
Hyundai,Creta,2020,Petrol,Automatic,2468227,15.4,1197,6,Premium,1,Yes,Yes,6,Vulnerability Management
MG,Astor,2023,Electric,Automatic,1363118,433.5,0,7,Budget,2,Yes,Yes,3,Vulnerability Management
Tata,Nexon,2021,Electric,Manual,1217338,496.6,0,5,Budget,1,No,No,5,Threat Detection
Honda,Elevate,2026,Petrol,DCT,1426845,15.2,1498,7,Midrange,1,No,No,0,Basic Monitoring
Honda,Elevate,2020,Electric,Manual,2947391,450.3,0,5,Premium,1,Yes,Yes,6,Vulnerability Management
Toyota,Hyryder,2021,Hybrid,Manual,1610513,24.3,1498,5,Midrange,3,No,No,5,OTA Security
Mahindra,Thar,2018,Petrol,Automatic,4173681,18.8,1497,6,Luxury,3,Yes,Yes,8,Premium Cyber Suite
Kia,Seltos,2025,Petrol,Automatic,1606439,23.9,1497,7,Midrange,0,No,No,1,Basic Monitoring
Kia,Sonet,2019,Diesel,Manual,770465,28.1,1497,5,Budget,3,Yes,Yes,7,Vulnerability Management
Mahindra,Thar,2021,Electric,CVT,3214590,258.9,0,6,Premium,1,Yes,Yes,5,Vulnerability Management
Kia,Sonet,2024,Diesel,Automatic,1599914,24.4,2184,6,Midrange,2,Yes,Yes,2,Vulnerability Management
Honda,Amaze,2022,Electric,CVT,2994967,503.8,0,7,Premium,1,Yes,Yes,4,Vulnerability Management
Mahindra,Thar,2023,Hybrid,Manual,1356881,18,1497,7,Budget,1,No,No,3,Threat Detection
Kia,Sonet,2019,Diesel,CVT,1795085,14.2,2184,6,Midrange,2,Yes,Yes,7,Vulnerability Management
Kia,Sonet,2018,Electric,Manual,4579657,567.3,0,6,Luxury,1,No,No,8,OTA Security
Mahindra,ScorpioN,2020,Hybrid,Automatic,1692706,15.8,1197,7,Midrange,1,Yes,Yes,6,Vulnerability Management
Mahindra,ScorpioN,2019,Petrol,Automatic,1524932,15.6,1497,5,Midrange,3,Yes,Yes,7,Vulnerability Management
Honda,Amaze,2021,Petrol,Manual,2418628,18.9,1997,5,Premium,2,Yes,Yes,5,Vulnerability Management
Mahindra,XUV700,2018,Petrol,Manual,2612669,14.4,1498,5,Premium,1,Yes,Yes,8,Vulnerability Management
Toyota,Fortuner,2024,Petrol,Manual,3910724,18.6,2184,5,Luxury,2,Yes,Yes,2,Premium Cyber Suite
Maruti,Baleno,2022,Hybrid,Automatic,1625145,12.4,2184,5,Midrange,2,No,No,4,Threat Detection
Maruti,Grand Vitara,2024,Petrol,Manual,2407738,23.9,2184,7,Premium,2,Yes,Yes,2,Vulnerability Management
Kia,Carens,2020,Diesel,CVT,1623851,15.6,1197,5,Midrange,0,Yes,Yes,6,OTA Security
Toyota,Innova,2024,Petrol,Manual,1408891,12.2,998,5,Midrange,2,Yes,Yes,2,Vulnerability Management
MG,ZS EV,2019,Hybrid,Manual,3074364,17.3,1498,5,Premium,1,Yes,No,7,OTA Security
Hyundai,Creta,2018,Electric,Automatic,2123344,266.1,0,5,Midrange,2,Yes,Yes,8,Premium Cyber Suite
Mahindra,ScorpioN,2023,Electric,DCT,1584338,314,0,6,Budget,0,No,No,3,Basic Monitoring
Maruti,Grand Vitara,2022,Electric,Automatic,2121113,289.6,0,5,Midrange,2,No,No,4,OTA Security
Mahindra,XUV700,2024,Electric,Automatic,2129723,375.5,0,5,Midrange,0,No,No,2,Threat Detection
Mahindra,ScorpioN,2025,Petrol,Automatic,737160,21.4,2184,7,Budget,2,Yes,No,1,Threat Detection
Toyota,Hyryder,2023,Diesel,Automatic,1526936,24.2,1498,5,Midrange,2,Yes,Yes,3,Vulnerability Management
Tata,Nexon,2020,Diesel,Automatic,1386719,16.3,1497,5,Midrange,0,No,No,6,Basic Monitoring
Toyota,Hyryder,2024,Diesel,Manual,1720091,17.7,1498,5,Midrange,2,Yes,Yes,2,Vulnerability Management
Hyundai,Venue,2024,Petrol,Automatic,2715122,21.2,1197,6,Premium,2,Yes,Yes,2,Vulnerability Management
Honda,Elevate,2018,Electric,CVT,2302347,500.6,0,5,Midrange,2,Yes,Yes,8,Premium Cyber Suite
Hyundai,Verna,2021,Petrol,Automatic,1719384,24.6,998,5,Midrange,1,No,No,5,Basic Monitoring
MG,ZS EV,2024,Petrol,Automatic,1087701,15.4,1497,5,Budget,3,Yes,No,2,OTA Security
Maruti,Brezza,2019,Hybrid,Automatic,1864344,21.5,998,7,Midrange,0,No,No,7,Basic Monitoring
Maruti,Baleno,2025,Electric,CVT,4762711,294.9,0,6,Luxury,2,No,No,1,OTA Security
Honda,Amaze,2024,Diesel,Automatic,1430148,29.5,1498,5,Midrange,1,No,No,2,Basic Monitoring
Mahindra,ScorpioN,2026,Petrol,Automatic,2673227,15.8,2184,5,Premium,2,Yes,Yes,0,Vulnerability Management
Honda,Amaze,2020,Electric,Automatic,4664185,498.6,0,5,Luxury,1,No,No,6,OTA Security
MG,Astor,2024,Hybrid,CVT,2060050,21.4,998,6,Midrange,2,No,No,2,OTA Security
Mahindra,XUV700,2018,Petrol,CVT,750269,26.1,1197,7,Budget,2,Yes,Yes,8,OTA Security
Tata,Harrier,2025,Petrol,CVT,2753426,19,1997,5,Premium,1,No,No,1,Threat Detection
Tata,Harrier,2024,Diesel,CVT,1589472,15.7,1498,5,Midrange,0,No,No,2,Basic Monitoring
Honda,Amaze,2026,Hybrid,Manual,2701448,15.4,1197,7,Premium,1,Yes,Yes,0,Vulnerability Management
Hyundai,Venue,2018,Diesel,Automatic,906176,28.9,998,5,Budget,2,Yes,Yes,8,OTA Security
Honda,Amaze,2018,Hybrid,Automatic,2757891,18.4,2184,5,Premium,1,No,No,8,Threat Detection
Toyota,Fortuner,2026,Petrol,Automatic,1581561,23.9,1497,5,Midrange,1,Yes,No,0,Threat Detection
Kia,Seltos,2026,Diesel,Automatic,2640420,20,2184,7,Premium,0,No,No,0,Basic Monitoring
Toyota,Fortuner,2023,Petrol,CVT,734527,26.8,1497,7,Budget,1,Yes,No,3,Threat Detection
MG,Hector,2018,Petrol,Automatic,1343172,21.7,998,5,Midrange,3,Yes,No,8,OTA Security
Toyota,Hyryder,2021,Electric,Automatic,1481938,509.5,0,6,Budget,2,No,No,5,Threat Detection
Hyundai,Verna,2020,Petrol,Automatic,638403,22,1997,5,Budget,0,No,No,6,Basic Monitoring
Kia,Sonet,2024,Diesel,Automatic,1504211,23.1,2184,7,Midrange,2,Yes,Yes,2,Vulnerability Management
Tata,Safari,2019,Petrol,Automatic,959597,19.9,1498,5,Budget,1,Yes,Yes,7,OTA Security
MG,ZS EV,2026,Petrol,Automatic,2745365,14.6,2184,5,Premium,1,No,No,0,Threat Detection
Tata,Safari,2026,Petrol,Manual,1506612,17.5,2184,5,Midrange,1,No,No,0,Basic Monitoring
Toyota,Innova,2026,Petrol,Manual,1432509,27.3,1997,6,Midrange,0,Yes,Yes,0,OTA Security
Hyundai,Venue,2019,Petrol,Manual,1798880,13.8,1997,5,Midrange,1,Yes,Yes,7,OTA Security
Toyota,Innova,2025,Diesel,Automatic,1606273,26.5,1498,5,Midrange,0,No,No,1,Basic Monitoring
Tata,Harrier,2021,Hybrid,Automatic,1745059,27.8,1498,6,Midrange,2,Yes,Yes,5,Vulnerability Management
Honda,Elevate,2025,Diesel,Manual,1741341,28,1197,5,Midrange,1,No,No,1,Basic Monitoring
Hyundai,Verna,2019,Electric,CVT,2326058,567.2,0,7,Midrange,2,Yes,Yes,7,Premium Cyber Suite
Kia,Carens,2026,Diesel,CVT,1417076,14.4,1997,7,Midrange,3,Yes,No,0,OTA Security
Hyundai,Venue,2023,Diesel,Automatic,2722859,14.5,1197,5,Premium,3,Yes,Yes,3,Premium Cyber Suite
Mahindra,Thar,2025,Electric,Manual,3021503,265,0,5,Premium,0,No,No,1,Threat Detection
Honda,Elevate,2025,Electric,CVT,1540013,432.5,0,5,Budget,1,No,No,1,Threat Detection
Kia,Carens,2026,Diesel,Automatic,1608112,21.3,1498,5,Midrange,2,No,No,0,Threat Detection
Maruti,Grand Vitara,2023,Diesel,Automatic,1563107,21.3,1497,5,Midrange,3,Yes,Yes,3,Vulnerability Management
Mahindra,XUV700,2020,Petrol,Automatic,720767,24.2,1498,5,Budget,1,Yes,Yes,6,OTA Security
Mahindra,Thar,2024,Petrol,Manual,1384478,28,1197,5,Midrange,0,No,No,2,Basic Monitoring
Mahindra,ScorpioN,2020,Diesel,Automatic,4134297,23.9,1497,5,Luxury,0,No,No,6,Threat Detection
Toyota,Innova,2025,Electric,Manual,3215012,518.6,0,7,Premium,0,No,No,1,Threat Detection
Kia,Seltos,2023,Electric,Automatic,1398291,550.9,0,7,Budget,1,Yes,Yes,3,Vulnerability Management
Maruti,Brezza,2019,Petrol,DCT,1760195,20.7,1197,7,Midrange,2,Yes,Yes,7,Vulnerability Management
Tata,Safari,2024,Diesel,Automatic,877776,20.7,1498,5,Budget,1,No,No,2,Basic Monitoring
Hyundai,Venue,2020,Petrol,CVT,3843944,19.4,1197,5,Luxury,1,No,No,6,Threat Detection
Tata,Safari,2026,Petrol,Manual,1660587,19.7,1997,5,Midrange,2,Yes,Yes,0,Vulnerability Management
Kia,Carens,2024,Diesel,Automatic,4008380,20.7,1497,7,Luxury,2,Yes,Yes,2,Premium Cyber Suite
MG,Hector,2022,Diesel,CVT,1372387,20,2184,5,Midrange,3,Yes,Yes,4,Vulnerability Management
Hyundai,Creta,2026,Diesel,Manual,1665458,23.4,998,5,Midrange,2,Yes,Yes,0,Vulnerability Management
MG,Astor,2024,Petrol,Manual,1619306,29.7,1997,7,Midrange,0,No,No,2,Basic Monitoring
Kia,Carens,2018,Electric,CVT,2130147,575.8,0,7,Midrange,0,No,No,8,Threat Detection
Kia,Seltos,2018,Hybrid,Automatic,1922536,12,1197,5,Midrange,0,Yes,Yes,8,OTA Security
Kia,Sonet,2023,Hybrid,Automatic,908056,17.1,1997,7,Budget,2,Yes,Yes,3,Vulnerability Management
Honda,Elevate,2022,Petrol,DCT,1511789,13.9,998,7,Midrange,2,Yes,Yes,4,Vulnerability Management
Kia,Sonet,2019,Electric,DCT,3326323,382,0,6,Premium,2,Yes,Yes,7,Premium Cyber Suite
Toyota,Innova,2025,Hybrid,CVT,2852691,29.9,2184,5,Premium,0,Yes,Yes,1,Vulnerability Management
Honda,Elevate,2023,Diesel,Manual,2430158,18.2,1997,5,Premium,1,Yes,Yes,3,Vulnerability Management
MG,Hector,2023,Petrol,Automatic,991200,21,1197,5,Budget,2,No,No,3,Basic Monitoring
Toyota,Innova,2021,Petrol,CVT,2486660,24.2,2184,6,Premium,0,Yes,No,5,Threat Detection
Tata,Safari,2018,Electric,Automatic,2370874,554.1,0,6,Midrange,3,No,No,8,OTA Security
Mahindra,Thar,2022,Petrol,CVT,875636,21,1498,5,Budget,2,Yes,Yes,4,OTA Security
MG,ZS EV,2026,Diesel,Automatic,710494,27.5,1197,7,Budget,1,Yes,Yes,0,OTA Security
Kia,Seltos,2022,Diesel,Automatic,1561499,18.6,1498,5,Midrange,1,Yes,Yes,4,OTA Security
MG,ZS EV,2020,Electric,Automatic,3277914,383.3,0,5,Premium,1,Yes,Yes,6,Vulnerability Management
Mahindra,ScorpioN,2018,Petrol,Automatic,4245324,20.8,1497,7,Luxury,2,Yes,Yes,8,Premium Cyber Suite
Tata,Harrier,2019,Hybrid,Manual,2849843,16.7,1497,7,Premium,2,Yes,Yes,7,Premium Cyber Suite
Kia,Sonet,2018,Diesel,Automatic,1617496,23.7,1197,5,Midrange,0,No,No,8,Basic Monitoring
Honda,Elevate,2026,Diesel,Automatic,2499790,27.6,2184,5,Premium,2,Yes,No,0,OTA Security
Maruti,Baleno,2024,Electric,Manual,1319651,498.7,0,7,Budget,1,No,No,2,Threat Detection
Maruti,Grand Vitara,2025,Hybrid,DCT,2873120,12.4,2184,5,Premium,3,Yes,Yes,1,Premium Cyber Suite
Kia,Carens,2019,Petrol,Automatic,1091149,19.1,998,5,Budget,3,Yes,Yes,7,Vulnerability Management
Kia,Carens,2020,Petrol,DCT,1420248,14.4,1197,5,Midrange,1,Yes,Yes,6,OTA Security
Tata,Safari,2023,Electric,Manual,2356601,589.3,0,7,Midrange,1,Yes,Yes,3,Vulnerability Management
Mahindra,Thar,2025,Diesel,Automatic,1574443,20.7,1197,5,Midrange,2,Yes,No,1,OTA Security
MG,Hector,2023,Diesel,Manual,874368,18.2,1498,7,Budget,2,No,No,3,Basic Monitoring
Tata,Safari,2025,Electric,Automatic,1425672,441.9,0,5,Budget,2,Yes,Yes,1,Vulnerability Management
Maruti,Baleno,2024,Petrol,Manual,2504327,23.3,1997,7,Premium,2,Yes,Yes,2,Vulnerability Management
Kia,Sonet,2026,Electric,Automatic,2995633,408.5,0,7,Premium,0,Yes,Yes,0,Vulnerability Management
MG,ZS EV,2023,Petrol,Manual,1397484,19.9,998,5,Midrange,3,Yes,Yes,3,Vulnerability Management
Hyundai,Creta,2018,Diesel,Manual,1719148,12.6,998,5,Midrange,1,Yes,Yes,8,OTA Security
Tata,Harrier,2024,Petrol,Automatic,1041208,29.5,2184,5,Budget,1,Yes,Yes,2,OTA Security
Maruti,Grand Vitara,2021,Hybrid,Manual,2004223,15.8,1498,5,Midrange,0,No,No,5,Threat Detection
Honda,City,2018,Hybrid,Automatic,1152302,27.5,1197,5,Budget,2,Yes,No,8,OTA Security
Toyota,Hyryder,2024,Petrol,Manual,662730,22.5,2184,6,Budget,1,Yes,No,2,Threat Detection
Mahindra,ScorpioN,2019,Petrol,Automatic,1477430,23.3,998,5,Midrange,3,No,No,7,Threat Detection
Mahindra,Thar,2026,Hybrid,Manual,1192736,26.5,1498,5,Budget,2,No,No,0,Threat Detection
Tata,Safari,2024,Petrol,Manual,2554438,20.8,1997,5,Premium,2,Yes,Yes,2,Vulnerability Management
Honda,Elevate,2025,Petrol,CVT,4090728,20.1,1497,7,Luxury,0,No,No,1,Threat Detection
Honda,Elevate,2018,Hybrid,Automatic,3062910,26,1197,5,Premium,0,No,No,8,Threat Detection
Hyundai,Verna,2026,Electric,Manual,2301465,474.3,0,5,Midrange,2,Yes,Yes,0,Premium Cyber Suite
Hyundai,Verna,2019,Petrol,DCT,616396,22.3,1498,6,Budget,1,Yes,Yes,7,OTA Security
Kia,Seltos,2023,Petrol,Automatic,1082887,13.4,2184,5,Budget,1,Yes,No,3,Threat Detection
Honda,Amaze,2024,Electric,CVT,1523450,356.4,0,5,Budget,1,Yes,Yes,2,Vulnerability Management
Hyundai,Creta,2021,Diesel,Manual,1430423,22.1,1997,6,Midrange,2,No,No,5,Threat Detection
Hyundai,Verna,2023,Hybrid,Automatic,1654579,18.1,1197,7,Midrange,0,Yes,Yes,3,OTA Security
MG,Hector,2023,Diesel,DCT,2516186,23,1997,7,Premium,2,Yes,Yes,3,Vulnerability Management
Toyota,Innova,2026,Electric,Manual,4634618,349.6,0,5,Luxury,3,Yes,Yes,0,Premium Cyber Suite
Mahindra,ScorpioN,2018,Petrol,Manual,2311377,26.8,1997,7,Premium,2,No,No,8,Threat Detection
Mahindra,XUV700,2018,Diesel,Manual,1066419,13.7,1498,7,Budget,2,Yes,No,8,Threat Detection
Toyota,Hyryder,2019,Hybrid,CVT,1332907,13.7,2184,5,Budget,3,Yes,No,7,Vulnerability Management
Tata,Safari,2024,Petrol,Manual,2482415,14.2,1197,7,Premium,3,Yes,No,2,Vulnerability Management
Tata,Safari,2024,Petrol,Automatic,1596177,16,998,6,Midrange,0,No,No,2,Basic Monitoring
MG,Astor,2026,Petrol,Automatic,2377601,12.9,1498,5,Premium,0,Yes,Yes,0,OTA Security
Hyundai,Venue,2026,Diesel,Automatic,2552141,15.5,1997,7,Premium,2,Yes,Yes,0,Vulnerability Management
Toyota,Fortuner,2019,Petrol,Automatic,1601999,19.6,1497,5,Midrange,0,No,No,7,Basic Monitoring
Honda,Elevate,2018,Hybrid,Manual,2030746,12.8,1197,5,Midrange,3,Yes,Yes,8,Premium Cyber Suite
Honda,City,2019,Petrol,Manual,4285873,17.2,1497,5,Luxury,0,No,No,7,Threat Detection
Kia,Sonet,2025,Petrol,Manual,1406850,21.9,1997,5,Midrange,1,No,No,1,Basic Monitoring
Tata,Harrier,2026,Petrol,Manual,1013762,29,998,6,Budget,2,Yes,Yes,0,OTA Security
Kia,Carens,2023,Electric,Manual,3240478,428,0,5,Premium,1,No,No,3,Threat Detection
Honda,Elevate,2026,Petrol,Manual,4093961,21.5,1497,6,Luxury,3,Yes,Yes,0,Premium Cyber Suite
Maruti,Baleno,2020,Petrol,Automatic,1458506,21,998,5,Midrange,1,No,No,6,Basic Monitoring
Maruti,Brezza,2026,Electric,Manual,2105964,586.2,0,7,Midrange,2,Yes,Yes,0,Premium Cyber Suite
Toyota,Innova,2021,Diesel,Automatic,1617387,15.7,1197,7,Midrange,1,No,No,5,Basic Monitoring
Toyota,Fortuner,2022,Hybrid,CVT,4325477,14.6,1997,5,Luxury,3,No,No,4,Vulnerability Management
Honda,City,2026,Diesel,Automatic,1040151,27.8,1498,6,Budget,3,Yes,Yes,0,Vulnerability Management
Kia,Sonet,2022,Petrol,Manual,613735,22.2,1197,7,Budget,2,Yes,Yes,4,OTA Security
Toyota,Fortuner,2018,Petrol,Automatic,1563362,15.3,1498,6,Midrange,2,Yes,Yes,8,Vulnerability Management
MG,ZS EV,2020,Petrol,Manual,2307871,16,2184,5,Premium,3,No,No,6,OTA Security
Toyota,Fortuner,2020,Electric,DCT,3156871,560.7,0,6,Premium,2,No,No,6,OTA Security
Maruti,Brezza,2024,Hybrid,Automatic,4399858,26.2,1997,5,Luxury,2,Yes,No,2,Vulnerability Management
MG,Hector,2018,Electric,Manual,2285440,517.8,0,5,Midrange,0,No,No,8,Threat Detection
Toyota,Innova,2025,Petrol,Manual,2541878,24.4,1197,6,Premium,0,Yes,No,1,Threat Detection
MG,ZS EV,2026,Petrol,CVT,4164964,12.4,1498,7,Luxury,1,Yes,Yes,0,Vulnerability Management
Toyota,Innova,2019,Petrol,Automatic,4217588,13.6,2184,6,Luxury,0,No,No,7,Threat Detection
Honda,City,2026,Hybrid,Automatic,4420902,25.8,1497,7,Luxury,3,Yes,Yes,0,Premium Cyber Suite
Mahindra,XUV700,2020,Petrol,Automatic,1462276,17.2,1197,5,Midrange,2,No,No,6,Threat Detection
Mahindra,XUV700,2018,Diesel,Manual,1748481,22.9,1498,5,Midrange,1,No,No,8,Basic Monitoring
Toyota,Hyryder,2025,Diesel,Automatic,1303446,23.2,1997,5,Midrange,1,No,No,1,Basic Monitoring
Tata,Nexon,2020,Petrol,Manual,617003,17.4,998,5,Budget,2,No,No,6,Basic Monitoring
Hyundai,Venue,2020,Petrol,Manual,1666921,15.2,1498,7,Midrange,2,No,No,6,Threat Detection
Honda,City,2019,Hybrid,Manual,3030054,21.9,1497,6,Premium,0,No,No,7,Threat Detection
Mahindra,XUV700,2022,Petrol,Automatic,709602,23.3,998,6,Budget,2,Yes,Yes,4,OTA Security
Kia,Sonet,2023,Petrol,Automatic,1786070,21.4,2184,6,Midrange,0,No,No,3,Basic Monitoring
MG,ZS EV,2021,Hybrid,DCT,912575,25.3,1197,7,Budget,1,No,No,5,Basic Monitoring
Maruti,Grand Vitara,2018,Petrol,Automatic,1305923,16.6,998,5,Midrange,2,No,No,8,Threat Detection
Kia,Carens,2026,Petrol,Manual,1478971,29.3,1197,5,Midrange,1,No,No,0,Basic Monitoring
Honda,Elevate,2025,Electric,CVT,2152442,552.8,0,5,Midrange,0,No,No,1,Threat Detection
MG,Hector,2018,Electric,Manual,3065414,366.1,0,5,Premium,2,Yes,Yes,8,Premium Cyber Suite
Hyundai,Creta,2022,Electric,Manual,2180113,458.3,0,5,Midrange,2,Yes,Yes,4,Premium Cyber Suite
Honda,Amaze,2018,Petrol,Manual,2494816,15.9,1497,5,Premium,1,No,No,8,Threat Detection
Hyundai,Venue,2018,Hybrid,DCT,1613073,14.8,1497,6,Midrange,2,No,No,8,Threat Detection
Kia,Sonet,2020,Hybrid,Manual,4370609,20.3,2184,7,Luxury,2,Yes,Yes,6,Premium Cyber Suite
Hyundai,Creta,2022,Electric,Automatic,1945652,286.1,0,5,Midrange,1,No,No,4,Threat Detection
Tata,Safari,2022,Diesel,Manual,750243,14.1,1197,5,Budget,1,Yes,Yes,4,OTA Security
Kia,Seltos,2018,Electric,Automatic,1484441,496.5,0,5,Budget,1,Yes,Yes,8,Vulnerability Management
Toyota,Fortuner,2019,Petrol,CVT,1326595,24.2,998,6,Midrange,0,No,No,7,Basic Monitoring
Tata,Nexon,2024,Petrol,Automatic,2630023,23.1,1497,5,Premium,2,No,No,2,Threat Detection
Toyota,Hyryder,2026,Petrol,DCT,2597685,28.6,1498,5,Premium,0,No,No,0,Basic Monitoring
MG,Hector,2025,Diesel,DCT,1069605,19.1,2184,5,Budget,2,No,No,1,Basic Monitoring
Honda,Elevate,2025,Petrol,Automatic,1541823,22.3,1997,5,Midrange,2,Yes,Yes,1,Vulnerability Management
Maruti,Baleno,2019,Petrol,Automatic,2579312,16.3,1197,7,Premium,1,No,No,7,Threat Detection
Mahindra,ScorpioN,2024,Petrol,Manual,1526045,21.8,1197,5,Midrange,2,Yes,Yes,2,Vulnerability Management
Hyundai,Verna,2025,Petrol,Automatic,1351198,13.3,998,7,Midrange,2,Yes,No,1,OTA Security
Maruti,Grand Vitara,2025,Diesel,Manual,672832,23.5,998,5,Budget,3,No,No,1,Threat Detection
Mahindra,ScorpioN,2026,Petrol,Automatic,1407825,28.4,1497,6,Midrange,2,Yes,Yes,0,Vulnerability Management
Honda,City,2018,Diesel,Automatic,2746958,13,2184,7,Premium,1,Yes,Yes,8,Vulnerability Management
Honda,City,2022,Electric,Manual,3106710,392.1,0,6,Premium,2,No,No,4,OTA Security
Toyota,Hyryder,2020,Diesel,Manual,1784694,27.7,1197,5,Midrange,1,Yes,Yes,6,OTA Security
Tata,Nexon,2018,Petrol,CVT,1371185,19.5,1498,7,Midrange,0,No,No,8,Basic Monitoring
Maruti,Baleno,2020,Diesel,Automatic,2501701,22.4,2184,5,Premium,1,Yes,Yes,6,Vulnerability Management
Kia,Sonet,2026,Diesel,Manual,853371,24.4,1197,7,Budget,2,Yes,Yes,0,OTA Security
Kia,Sonet,2026,Petrol,CVT,847700,24,2184,7,Budget,2,No,No,0,Basic Monitoring
Kia,Carens,2018,Electric,Automatic,1438044,397.4,0,5,Budget,1,Yes,Yes,8,Vulnerability Management
Kia,Seltos,2018,Hybrid,Automatic,2011577,15,998,5,Midrange,2,Yes,Yes,8,Premium Cyber Suite
Tata,Harrier,2025,Petrol,Automatic,2445672,17,1497,5,Premium,1,No,No,1,Threat Detection
Hyundai,Verna,2020,Electric,Automatic,2093864,419.7,0,7,Midrange,2,Yes,Yes,6,Premium Cyber Suite
Tata,Harrier,2019,Electric,Automatic,3339151,519.6,0,5,Premium,1,No,No,7,Threat Detection
MG,Astor,2020,Petrol,Automatic,1636729,12.9,1498,6,Midrange,1,No,No,6,Basic Monitoring
MG,Hector,2025,Hybrid,CVT,1799124,21.5,1498,5,Midrange,2,Yes,Yes,1,Vulnerability Management
Kia,Sonet,2024,Hybrid,DCT,1621505,18.4,1498,7,Midrange,0,No,No,2,Basic Monitoring
Kia,Sonet,2022,Petrol,Manual,1505077,16.4,2184,7,Midrange,1,No,No,4,Basic Monitoring
Toyota,Hyryder,2023,Hybrid,DCT,1605545,12.2,998,7,Midrange,2,No,No,3,Threat Detection
Hyundai,Verna,2025,Petrol,Automatic,617847,23.8,1197,7,Budget,0,Yes,No,1,Basic Monitoring
Hyundai,Verna,2019,Petrol,Automatic,1700481,28.1,2184,5,Midrange,3,Yes,No,7,OTA Security
Kia,Sonet,2025,Hybrid,Manual,1744904,24,1497,5,Midrange,2,No,No,1,Threat Detection
Mahindra,XUV700,2022,Hybrid,Automatic,1631488,15.2,998,6,Midrange,1,No,No,4,Threat Detection
Toyota,Hyryder,2024,Petrol,Automatic,1003024,13.9,1498,5,Budget,1,No,No,2,Basic Monitoring
Hyundai,Creta,2019,Petrol,Automatic,2309838,28.8,2184,6,Premium,3,Yes,Yes,7,Premium Cyber Suite
Kia,Seltos,2023,Electric,Automatic,2392784,504.7,0,5,Midrange,2,Yes,Yes,3,Premium Cyber Suite
Toyota,Fortuner,2024,Electric,CVT,2197399,366.7,0,5,Midrange,1,No,No,2,Threat Detection
Maruti,Brezza,2019,Petrol,CVT,1741021,23.7,1197,7,Midrange,1,No,No,7,Basic Monitoring
Tata,Harrier,2021,Petrol,Automatic,961151,25.2,1197,5,Budget,1,Yes,Yes,5,OTA Security
Toyota,Fortuner,2021,Diesel,Manual,1461339,26.6,998,5,Midrange,1,No,No,5,Basic Monitoring
Honda,City,2023,Hybrid,Manual,1323154,27.7,1997,5,Budget,2,Yes,No,3,OTA Security
Toyota,Fortuner,2018,Hybrid,Automatic,1375622,14.3,1197,5,Budget,3,Yes,Yes,8,Premium Cyber Suite
Kia,Seltos,2025,Diesel,CVT,1028589,26.4,1197,5,Budget,0,No,No,1,Basic Monitoring
Toyota,Innova,2023,Electric,DCT,2069992,441.1,0,5,Midrange,0,No,No,3,Threat Detection
Toyota,Fortuner,2020,Petrol,Manual,817660,15,1197,7,Budget,0,No,No,6,Basic Monitoring
Tata,Nexon,2019,Hybrid,Automatic,1682708,12.1,1197,5,Midrange,0,No,No,7,Basic Monitoring
Kia,Sonet,2025,Hybrid,Manual,1874248,24.5,1997,5,Midrange,1,Yes,Yes,1,Vulnerability Management
MG,Astor,2019,Diesel,CVT,1302396,29.6,1997,5,Midrange,2,Yes,No,7,OTA Security
Toyota,Innova,2021,Petrol,Manual,2659265,21,1197,5,Premium,2,No,No,5,Threat Detection
Tata,Safari,2023,Petrol,Automatic,1722132,12.9,1997,5,Midrange,3,Yes,Yes,3,Vulnerability Management
Mahindra,XUV700,2025,Diesel,Manual,833214,24.2,1497,5,Budget,2,Yes,Yes,1,OTA Security
Hyundai,Venue,2021,Petrol,Automatic,2496887,13,1498,5,Premium,3,Yes,Yes,5,Premium Cyber Suite
Toyota,Hyryder,2025,Petrol,Automatic,1401793,15.6,1197,5,Midrange,2,No,No,1,Threat Detection
Tata,Harrier,2020,Petrol,Automatic,1698636,22.9,2184,7,Midrange,1,No,No,6,Basic Monitoring
Mahindra,Thar,2026,Electric,Manual,3156488,412,0,5,Premium,3,Yes,Yes,0,Premium Cyber Suite
Maruti,Baleno,2021,Petrol,Automatic,1086266,12.1,998,5,Budget,2,Yes,Yes,5,OTA Security
MG,Astor,2026,Petrol,Automatic,1718391,13.5,998,6,Midrange,2,Yes,Yes,0,Vulnerability Management
Toyota,Fortuner,2023,Petrol,Automatic,851544,22.3,1997,5,Budget,2,Yes,Yes,3,OTA Security
MG,Hector,2020,Electric,Automatic,3094207,250.5,0,5,Premium,2,No,No,6,OTA Security
Maruti,Baleno,2023,Diesel,Manual,2665981,26.2,998,7,Premium,3,Yes,Yes,3,Premium Cyber Suite
Honda,Amaze,2018,Diesel,DCT,1327033,23.1,1497,5,Midrange,0,No,No,8,Basic Monitoring
Mahindra,Thar,2026,Hybrid,Automatic,2672564,20.6,1997,5,Premium,3,Yes,Yes,0,Premium Cyber Suite
Toyota,Innova,2023,Electric,Automatic,1928552,434.3,0,5,Midrange,0,Yes,Yes,3,OTA Security
MG,Astor,2026,Hybrid,Automatic,1225557,24.5,998,5,Budget,1,No,No,0,Threat Detection
MG,ZS EV,2019,Petrol,Manual,3840342,20.9,1197,7,Luxury,0,Yes,Yes,7,Vulnerability Management
Tata,Harrier,2024,Electric,Automatic,1381770,257.5,0,5,Budget,1,No,No,2,Threat Detection
Hyundai,Creta,2021,Electric,Automatic,2203407,364.2,0,7,Midrange,1,No,No,5,Threat Detection
MG,Hector,2022,Diesel,CVT,1713803,25.9,998,5,Midrange,1,Yes,No,4,Threat Detection
Honda,Elevate,2025,Electric,Automatic,1480660,543.8,0,5,Budget,1,No,No,1,Threat Detection
Mahindra,XUV700,2019,Petrol,Manual,736528,24,1497,5,Budget,1,Yes,Yes,7,OTA Security
Honda,Elevate,2026,Electric,Automatic,1213067,410.3,0,5,Budget,1,Yes,Yes,0,Vulnerability Management
Mahindra,XUV700,2026,Electric,Manual,3148465,514,0,7,Premium,3,No,No,0,OTA Security
Mahindra,Thar,2025,Petrol,Manual,1321013,17.5,1498,7,Midrange,0,No,No,1,Basic Monitoring
Toyota,Innova,2023,Petrol,Manual,1605886,25.8,1197,5,Midrange,1,No,No,3,Basic Monitoring
Hyundai,Verna,2025,Hybrid,DCT,4306791,29,2184,5,Luxury,0,Yes,Yes,1,Vulnerability Management
Maruti,Brezza,2024,Petrol,Automatic,784211,15.9,1498,6,Budget,1,Yes,Yes,2,OTA Security
MG,Hector,2020,Electric,DCT,2369986,459.3,0,5,Midrange,1,No,No,6,Threat Detection
Toyota,Innova,2025,Electric,Automatic,2389240,393.3,0,5,Midrange,3,Yes,Yes,1,Premium Cyber Suite
Maruti,Brezza,2026,Diesel,Automatic,3904468,22,998,5,Luxury,0,No,No,0,Threat Detection
Kia,Sonet,2026,Hybrid,Manual,2680752,27,1498,5,Premium,1,No,No,0,Threat Detection
Kia,Sonet,2020,Diesel,Automatic,662576,22.8,1497,7,Budget,2,Yes,No,6,Threat Detection
MG,Astor,2024,Electric,Automatic,2263984,256.1,0,5,Midrange,2,Yes,Yes,2,Premium Cyber Suite
Mahindra,Thar,2018,Petrol,Automatic,1487372,28.4,1497,5,Midrange,0,Yes,Yes,8,OTA Security
Kia,Sonet,2026,Diesel,Manual,929268,21.8,1497,5,Budget,0,Yes,Yes,0,Threat Detection
Kia,Carens,2023,Petrol,Automatic,2306762,19.4,1197,5,Premium,0,Yes,Yes,3,OTA Security
Toyota,Fortuner,2026,Petrol,Manual,2621613,27.2,2184,7,Premium,2,No,No,0,Threat Detection
Hyundai,Venue,2025,Electric,Manual,1209111,536,0,7,Budget,1,Yes,Yes,1,Vulnerability Management
Honda,City,2022,Petrol,CVT,1049217,17.5,1197,5,Budget,2,No,No,4,Basic Monitoring
Hyundai,Venue,2019,Petrol,CVT,2322291,22.7,1498,5,Premium,0,Yes,Yes,7,OTA Security
Kia,Seltos,2019,Petrol,Manual,664903,15.3,1497,5,Budget,3,Yes,No,7,OTA Security
Hyundai,Creta,2022,Electric,Manual,1462476,273.9,0,7,Budget,2,Yes,Yes,4,Vulnerability Management
Tata,Safari,2021,Hybrid,DCT,1295322,13.8,1197,7,Budget,1,No,No,5,Threat Detection
MG,Hector,2020,Diesel,DCT,786029,19.3,1497,5,Budget,3,Yes,Yes,6,Vulnerability Management
MG,ZS EV,2026,Petrol,CVT,2592097,18.9,1498,7,Premium,2,Yes,Yes,0,Vulnerability Management
Kia,Carens,2025,Petrol,Automatic,4024375,20.6,2184,5,Luxury,0,Yes,No,1,OTA Security
Mahindra,XUV700,2025,Hybrid,Automatic,1954690,22.6,998,5,Midrange,0,Yes,Yes,1,OTA Security
Hyundai,Venue,2021,Petrol,Automatic,3864362,25.8,1997,7,Luxury,1,Yes,Yes,5,Vulnerability Management
Kia,Carens,2024,Petrol,Automatic,4054034,14.2,1498,6,Luxury,1,Yes,Yes,2,Vulnerability Management
Toyota,Hyryder,2020,Petrol,Automatic,2561166,18.9,2184,5,Premium,2,No,No,6,Threat Detection
Mahindra,ScorpioN,2019,Hybrid,Automatic,1858048,20.8,1497,7,Midrange,2,Yes,Yes,7,Vulnerability Management
Honda,Amaze,2026,Petrol,CVT,4261439,18.8,1498,5,Luxury,3,Yes,Yes,0,Premium Cyber Suite
Tata,Nexon,2026,Hybrid,CVT,2686058,20.8,998,7,Premium,1,Yes,Yes,0,Vulnerability Management
MG,Astor,2026,Hybrid,Automatic,2047926,22.6,1498,7,Midrange,0,Yes,Yes,0,Vulnerability Management
Honda,Elevate,2023,Petrol,Automatic,792104,12.5,2184,5,Budget,1,No,No,3,Basic Monitoring
Maruti,Brezza,2024,Petrol,Automatic,1646680,13.5,2184,5,Midrange,1,Yes,Yes,2,OTA Security
Kia,Seltos,2023,Petrol,Automatic,944859,16.8,2184,6,Budget,3,Yes,No,3,OTA Security
Tata,Harrier,2024,Diesel,Manual,856040,18,1997,5,Budget,0,No,No,2,Basic Monitoring
Mahindra,Thar,2022,Petrol,Automatic,1744247,15.9,1497,5,Midrange,3,Yes,No,4,OTA Security
Kia,Carens,2024,Electric,Automatic,4776285,273.5,0,7,Luxury,2,Yes,Yes,2,Premium Cyber Suite
MG,Hector,2021,Petrol,Manual,2564576,15.6,1498,5,Premium,2,Yes,Yes,5,Vulnerability Management
MG,Astor,2026,Petrol,Manual,2752308,23.9,2184,6,Premium,0,No,No,0,Basic Monitoring
Kia,Carens,2026,Electric,CVT,4890018,377.5,0,5,Luxury,2,Yes,Yes,0,Premium Cyber Suite
Toyota,Fortuner,2022,Electric,Automatic,3377698,538.3,0,5,Premium,0,Yes,Yes,4,Vulnerability Management
Kia,Carens,2021,Diesel,Manual,728758,29.8,1498,5,Budget,2,Yes,Yes,5,OTA Security
Toyota,Fortuner,2022,Petrol,Manual,2645333,25,998,5,Premium,2,Yes,Yes,4,Vulnerability Management
Hyundai,Venue,2022,Electric,DCT,2090544,388.9,0,5,Midrange,2,No,No,4,OTA Security
Toyota,Fortuner,2026,Electric,Automatic,3397902,281.6,0,7,Premium,2,Yes,Yes,0,Premium Cyber Suite
Hyundai,Venue,2023,Electric,Automatic,3290048,311.3,0,5,Premium,1,Yes,Yes,3,Vulnerability Management
MG,Hector,2022,Electric,Manual,2266801,489,0,5,Midrange,3,Yes,Yes,4,Premium Cyber Suite
Mahindra,ScorpioN,2025,Hybrid,CVT,1374600,23.9,998,5,Budget,2,No,No,1,Threat Detection
Kia,Carens,2024,Petrol,DCT,1725853,20,998,6,Midrange,2,Yes,Yes,2,Vulnerability Management
Kia,Sonet,2019,Electric,CVT,1650581,471,0,6,Budget,3,No,No,7,OTA Security
Tata,Harrier,2019,Electric,DCT,2116510,571.5,0,5,Midrange,3,Yes,Yes,7,Premium Cyber Suite
Mahindra,Thar,2022,Diesel,Automatic,1726470,25.7,2184,5,Midrange,1,Yes,Yes,4,OTA Security
MG,Astor,2020,Petrol,Manual,1601889,29.5,2184,5,Midrange,0,Yes,Yes,6,OTA Security
Maruti,Grand Vitara,2025,Diesel,Automatic,960430,13.5,1497,5,Budget,2,Yes,Yes,1,OTA Security
Maruti,Grand Vitara,2021,Petrol,Manual,1620865,29.5,1197,5,Midrange,2,No,No,5,Threat Detection
Mahindra,XUV700,2024,Diesel,Automatic,792896,12.3,1997,6,Budget,0,No,No,2,Basic Monitoring
MG,Astor,2025,Petrol,Automatic,1051903,18.9,1498,5,Budget,2,Yes,Yes,1,OTA Security
Toyota,Innova,2021,Diesel,Automatic,752144,16.5,1997,6,Budget,3,Yes,Yes,5,Vulnerability Management
Hyundai,Creta,2025,Petrol,Manual,1660108,22.7,998,5,Midrange,1,Yes,Yes,1,OTA Security
Tata,Nexon,2023,Electric,Automatic,2217914,459.4,0,5,Midrange,3,No,No,3,OTA Security
Tata,Harrier,2026,Diesel,Manual,1494459,12.7,1197,5,Midrange,0,No,No,0,Basic Monitoring
Mahindra,Thar,2025,Electric,CVT,1366365,359.6,0,5,Budget,2,Yes,Yes,1,Vulnerability Management
MG,Hector,2023,Electric,Manual,3221352,430.9,0,6,Premium,2,No,No,3,OTA Security
Mahindra,ScorpioN,2025,Hybrid,Manual,2944677,13,1197,5,Premium,2,Yes,Yes,1,Premium Cyber Suite
MG,Hector,2020,Hybrid,Automatic,4586123,22.1,1498,6,Luxury,1,Yes,No,6,Vulnerability Management
Hyundai,Verna,2020,Petrol,Manual,2394715,26.8,1997,7,Premium,2,No,No,6,Threat Detection
Toyota,Hyryder,2018,Diesel,Automatic,1340283,17.9,1497,5,Midrange,1,Yes,Yes,8,OTA Security
Maruti,Grand Vitara,2019,Electric,Manual,1635525,344.3,0,5,Budget,2,Yes,Yes,7,Vulnerability Management
Honda,City,2025,Petrol,Automatic,2717875,23.6,1497,5,Premium,2,Yes,Yes,1,Vulnerability Management
Hyundai,Verna,2024,Petrol,Manual,1004161,14.9,1498,5,Budget,3,Yes,No,2,OTA Security
Mahindra,XUV700,2022,Diesel,Automatic,2462582,13.7,1497,7,Premium,3,Yes,Yes,4,Premium Cyber Suite
Toyota,Innova,2025,Electric,Automatic,2121810,378.9,0,5,Midrange,0,No,No,1,Threat Detection
Maruti,Baleno,2024,Petrol,Automatic,4154649,14.8,1498,7,Luxury,1,No,No,2,Threat Detection
Hyundai,Venue,2025,Diesel,DCT,1377912,16.5,1498,5,Midrange,3,Yes,Yes,1,Vulnerability Management
Tata,Safari,2019,Electric,Automatic,2116541,449,0,5,Midrange,0,No,No,7,Threat Detection
Honda,Elevate,2019,Hybrid,Manual,2842681,13.5,2184,5,Premium,0,Yes,Yes,7,Vulnerability Management
Honda,Amaze,2025,Hybrid,Automatic,2778957,15.4,1197,5,Premium,3,No,No,1,OTA Security
Kia,Carens,2019,Diesel,Manual,1306975,24.5,2184,7,Midrange,0,No,No,7,Basic Monitoring
MG,Hector,2023,Hybrid,DCT,2021863,14,998,5,Midrange,1,Yes,Yes,3,Vulnerability Management
Tata,Nexon,2025,Diesel,Automatic,1628235,25.9,1197,6,Midrange,3,Yes,Yes,1,Vulnerability Management
Maruti,Brezza,2019,Petrol,Manual,2554304,22.5,1197,5,Premium,1,No,No,7,Threat Detection
Maruti,Brezza,2023,Petrol,Automatic,2517939,22.7,1997,5,Premium,2,No,No,3,Threat Detection
Tata,Harrier,2024,Diesel,Automatic,1655817,16.2,998,7,Midrange,3,No,No,2,Threat Detection
Tata,Harrier,2023,Diesel,Manual,1766165,18.2,2184,6,Midrange,1,Yes,No,3,Threat Detection
Tata,Nexon,2022,Hybrid,Automatic,1866147,18.1,1997,6,Midrange,1,No,No,4,Threat Detection
Mahindra,ScorpioN,2024,Electric,CVT,2285133,306.7,0,5,Midrange,1,Yes,No,2,OTA Security
Kia,Carens,2019,Hybrid,Manual,1217586,29,1498,5,Budget,1,No,No,7,Threat Detection
Toyota,Fortuner,2026,Petrol,Manual,2487193,21.1,998,5,Premium,2,Yes,No,0,OTA Security
Maruti,Brezza,2021,Petrol,Manual,778427,25.9,1997,5,Budget,2,No,No,5,Basic Monitoring
Mahindra,Thar,2026,Diesel,Manual,1096116,14,998,7,Budget,1,Yes,No,0,Threat Detection
Hyundai,Verna,2018,Diesel,Manual,707681,19.9,1997,6,Budget,3,Yes,Yes,8,Vulnerability Management
Hyundai,Creta,2023,Petrol,Manual,2530219,27,1498,5,Premium,3,Yes,Yes,3,Premium Cyber Suite
Kia,Carens,2020,Petrol,Automatic,2489081,21.5,1197,5,Premium,2,Yes,Yes,6,Vulnerability Management
Maruti,Grand Vitara,2024,Electric,DCT,2257668,253.5,0,7,Midrange,1,Yes,Yes,2,Vulnerability Management
Hyundai,Creta,2023,Petrol,DCT,632227,14.7,1997,5,Budget,1,Yes,No,3,Threat Detection
Kia,Sonet,2024,Electric,Automatic,3278300,252.8,0,5,Premium,2,No,No,2,OTA Security
Mahindra,Thar,2024,Diesel,Manual,1713318,26.6,2184,6,Midrange,2,Yes,Yes,2,Vulnerability Management
Toyota,Innova,2019,Petrol,Manual,2688000,15.8,1997,7,Premium,3,Yes,Yes,7,Premium Cyber Suite
Kia,Carens,2023,Hybrid,Manual,1317647,17.5,1498,7,Budget,1,Yes,No,3,OTA Security
Hyundai,Verna,2018,Electric,Manual,1964913,293.7,0,5,Midrange,0,No,No,8,Basic Monitoring
Tata,Harrier,2023,Electric,CVT,4696535,482.9,0,7,Luxury,2,No,No,3,OTA Security
Toyota,Innova,2022,Petrol,CVT,2652548,25.3,998,5,Premium,0,No,No,4,Basic Monitoring
Toyota,Innova,2025,Petrol,Automatic,2342963,14.3,1197,6,Premium,0,No,No,1,Basic Monitoring
Hyundai,Venue,2026,Diesel,Automatic,2757186,19.9,1498,6,Premium,1,Yes,Yes,0,Vulnerability Management
Mahindra,XUV700,2026,Petrol,Automatic,969373,24.5,1498,6,Budget,1,No,No,0,Basic Monitoring
Tata,Safari,2020,Electric,Automatic,4715411,351.4,0,7,Luxury,3,Yes,Yes,6,Premium Cyber Suite
Mahindra,XUV700,2023,Petrol,Automatic,614668,12.9,1497,5,Budget,2,Yes,Yes,3,OTA Security
Toyota,Fortuner,2025,Petrol,Automatic,623426,22.2,1497,6,Budget,1,No,No,1,Basic Monitoring
MG,Astor,2020,Hybrid,Automatic,1835892,13.6,1997,7,Midrange,2,Yes,Yes,6,Vulnerability Management
Maruti,Grand Vitara,2021,Electric,Manual,1551505,553.1,0,5,Budget,3,Yes,Yes,5,Premium Cyber Suite
Kia,Carens,2019,Diesel,Manual,4084077,15.4,1498,7,Luxury,2,Yes,Yes,7,Premium Cyber Suite
Tata,Nexon,2026,Petrol,Manual,2428600,22.4,998,7,Premium,2,No,No,0,Threat Detection
Honda,Elevate,2018,Diesel,DCT,1394638,17.7,1497,5,Midrange,1,No,No,8,Basic Monitoring
Hyundai,Creta,2026,Petrol,Manual,646991,24.2,998,7,Budget,0,No,No,0,Basic Monitoring
Honda,City,2018,Hybrid,Manual,974690,26.9,998,5,Budget,1,Yes,Yes,8,OTA Security
Toyota,Fortuner,2021,Diesel,CVT,1360335,13.2,998,6,Midrange,1,Yes,Yes,5,OTA Security
Toyota,Fortuner,2022,Diesel,Automatic,1000020,17.5,1498,6,Budget,2,No,No,4,Basic Monitoring
Hyundai,Verna,2026,Petrol,DCT,1388179,28.4,1498,5,Midrange,2,Yes,Yes,0,Vulnerability Management
Tata,Harrier,2022,Hybrid,Manual,1383294,27.1,1498,5,Budget,1,No,No,4,Threat Detection
Toyota,Hyryder,2026,Petrol,Manual,1336666,14.5,1997,5,Midrange,1,Yes,Yes,0,OTA Security
Maruti,Brezza,2026,Electric,Manual,2079639,497.7,0,5,Midrange,2,No,No,0,OTA Security
Toyota,Hyryder,2023,Petrol,Automatic,1308322,23,998,5,Midrange,3,Yes,No,3,OTA Security
Mahindra,ScorpioN,2026,Electric,Automatic,3182135,477.9,0,7,Premium,0,No,No,0,Threat Detection
Tata,Safari,2025,Hybrid,Automatic,3033830,26.6,998,5,Premium,2,Yes,No,1,Vulnerability Management
MG,Hector,2021,Diesel,Manual,747395,15.4,1997,5,Budget,2,No,No,5,Basic Monitoring
Toyota,Fortuner,2025,Electric,Manual,2269123,537.4,0,6,Midrange,2,Yes,Yes,1,Premium Cyber Suite
Hyundai,Venue,2026,Diesel,Automatic,1596593,22.6,2184,5,Midrange,2,Yes,Yes,0,Vulnerability Management
Mahindra,ScorpioN,2021,Electric,Automatic,1644421,492.5,0,7,Budget,2,No,No,5,Threat Detection
Kia,Carens,2026,Electric,Manual,2252898,401.4,0,6,Midrange,3,Yes,No,0,Vulnerability Management
Kia,Seltos,2026,Diesel,Automatic,2763367,21.6,1497,5,Premium,2,Yes,No,0,OTA Security
Maruti,Brezza,2023,Petrol,Automatic,986633,29.2,1197,5,Budget,1,No,No,3,Basic Monitoring
Mahindra,ScorpioN,2022,Petrol,Automatic,826465,18,1497,5,Budget,2,Yes,Yes,4,OTA Security
Hyundai,Venue,2021,Electric,CVT,3172459,521.5,0,7,Premium,2,No,No,5,OTA Security
MG,ZS EV,2025,Diesel,Manual,617481,24.5,1197,5,Budget,1,No,No,1,Basic Monitoring
MG,ZS EV,2022,Diesel,Automatic,629250,13.7,1498,5,Budget,2,Yes,Yes,4,OTA Security
Tata,Harrier,2024,Diesel,Automatic,1353098,26.1,1498,7,Midrange,1,No,No,2,Basic Monitoring
Honda,Amaze,2021,Petrol,Manual,2610843,23.5,1497,5,Premium,2,Yes,Yes,5,Vulnerability Management
Maruti,Grand Vitara,2025,Petrol,Manual,666941,25.6,1497,7,Budget,1,Yes,No,1,Threat Detection
Mahindra,XUV700,2025,Petrol,Manual,1304237,14.6,1197,7,Midrange,1,No,No,1,Basic Monitoring
Tata,Harrier,2023,Petrol,Manual,4211704,24.5,1498,7,Luxury,0,Yes,Yes,3,Vulnerability Management
Honda,Amaze,2023,Diesel,Automatic,838185,20.9,998,5,Budget,3,No,No,3,Threat Detection
Toyota,Innova,2021,Petrol,Automatic,3973809,26.9,998,5,Luxury,2,Yes,Yes,5,Premium Cyber Suite
Tata,Nexon,2023,Petrol,Manual,701923,18.5,998,5,Budget,2,No,No,3,Basic Monitoring
Toyota,Innova,2020,Petrol,Manual,1044352,27.2,998,5,Budget,2,Yes,Yes,6,OTA Security
Mahindra,ScorpioN,2019,Petrol,Manual,1493798,28.9,1997,6,Midrange,2,No,No,7,Threat Detection
Hyundai,Creta,2020,Electric,Manual,1479212,591.9,0,5,Budget,1,Yes,Yes,6,Vulnerability Management
Tata,Safari,2021,Electric,Manual,1329589,555.5,0,7,Budget,0,No,No,5,Basic Monitoring
MG,ZS EV,2019,Hybrid,CVT,1687783,23.6,1997,5,Midrange,1,No,No,7,Threat Detection
MG,Astor,2025,Petrol,Automatic,1553386,19.2,1997,5,Midrange,2,Yes,Yes,1,Vulnerability Management
Toyota,Fortuner,2021,Diesel,Manual,822834,18.7,1997,5,Budget,3,Yes,No,5,OTA Security
Mahindra,XUV700,2022,Diesel,Automatic,1543926,19.8,1497,6,Midrange,1,Yes,Yes,4,OTA Security
Honda,Elevate,2024,Petrol,Automatic,639787,21.2,2184,5,Budget,1,Yes,No,2,Threat Detection
Kia,Seltos,2019,Petrol,Automatic,1474985,26.7,2184,5,Midrange,0,Yes,Yes,7,OTA Security
Toyota,Hyryder,2020,Electric,CVT,3378351,348.6,0,5,Premium,1,No,No,6,Threat Detection
Maruti,Grand Vitara,2018,Diesel,Automatic,2378266,15.8,1197,7,Premium,3,Yes,Yes,8,Premium Cyber Suite
MG,Astor,2025,Petrol,Manual,2524811,15.8,1498,7,Premium,2,No,No,1,Threat Detection
Tata,Harrier,2020,Diesel,Manual,3805075,18.4,1197,6,Luxury,1,No,No,6,Threat Detection
Maruti,Baleno,2024,Hybrid,Automatic,1207733,28.6,1197,5,Budget,0,No,No,2,Basic Monitoring
Maruti,Grand Vitara,2021,Electric,Manual,2148920,408,0,5,Midrange,0,No,No,5,Threat Detection
Hyundai,Creta,2019,Hybrid,Manual,2916336,29.3,1497,5,Premium,1,Yes,Yes,7,Vulnerability Management
Toyota,Innova,2026,Petrol,Manual,1390086,19,998,5,Midrange,1,No,No,0,Basic Monitoring
Maruti,Grand Vitara,2019,Petrol,DCT,1056366,20.5,1997,7,Budget,1,Yes,Yes,7,OTA Security
Kia,Carens,2021,Diesel,Automatic,603902,22.9,1197,7,Budget,3,Yes,No,5,OTA Security
Honda,Amaze,2025,Diesel,Automatic,2450948,18.2,2184,5,Premium,2,No,No,1,Threat Detection
Maruti,Baleno,2020,Diesel,Manual,1526532,15.3,1997,5,Midrange,1,No,No,6,Basic Monitoring
Maruti,Baleno,2018,Petrol,CVT,929296,13.2,2184,5,Budget,1,No,No,8,Basic Monitoring
MG,Hector,2026,Petrol,Automatic,2564448,16.5,1997,5,Premium,2,Yes,Yes,0,Vulnerability Management
MG,ZS EV,2019,Diesel,Automatic,1480175,19.1,998,5,Midrange,2,No,No,7,Threat Detection
Hyundai,Verna,2020,Petrol,Automatic,1335775,24.8,1498,5,Midrange,0,No,No,6,Basic Monitoring
MG,Hector,2020,Petrol,Manual,754216,15,2184,5,Budget,0,No,No,6,Basic Monitoring
Kia,Seltos,2025,Petrol,Manual,953917,23.4,1997,5,Budget,1,Yes,Yes,1,OTA Security
Maruti,Baleno,2022,Diesel,Automatic,797863,18.7,1197,5,Budget,2,No,No,4,Basic Monitoring
Hyundai,Creta,2024,Petrol,Manual,2656494,26.3,2184,5,Premium,2,Yes,No,2,OTA Security
Mahindra,XUV700,2024,Diesel,CVT,1628616,28.9,998,5,Midrange,0,Yes,Yes,2,OTA Security
Toyota,Fortuner,2023,Petrol,Manual,1306281,26.7,2184,7,Midrange,1,Yes,Yes,3,OTA Security
Honda,City,2019,Electric,Automatic,3161921,596.7,0,7,Premium,3,Yes,Yes,7,Premium Cyber Suite
Mahindra,ScorpioN,2019,Diesel,DCT,1655415,15.2,2184,5,Midrange,3,Yes,Yes,7,Vulnerability Management
MG,ZS EV,2023,Petrol,DCT,1567924,29.8,1197,5,Midrange,2,Yes,Yes,3,Vulnerability Management
Hyundai,Venue,2021,Hybrid,CVT,1631416,15.6,1498,5,Midrange,0,No,No,5,Basic Monitoring
Tata,Nexon,2025,Hybrid,Manual,1237432,19.5,1497,5,Budget,2,Yes,Yes,1,Vulnerability Management
Toyota,Hyryder,2023,Petrol,Manual,1081127,25,1997,6,Budget,2,Yes,Yes,3,OTA Security
Honda,City,2025,Diesel,Manual,1799993,14.5,1197,5,Midrange,0,No,No,1,Basic Monitoring
Hyundai,Creta,2026,Electric,DCT,1240980,319.1,0,6,Budget,1,Yes,Yes,0,Vulnerability Management
Mahindra,Thar,2021,Petrol,Automatic,3905592,13.4,1497,6,Luxury,1,No,No,5,Threat Detection
Maruti,Brezza,2025,Diesel,Automatic,2698628,20.7,1498,6,Premium,0,No,No,1,Basic Monitoring
Hyundai,Venue,2026,Petrol,Automatic,843086,20.7,1497,5,Budget,1,Yes,Yes,0,OTA Security
MG,ZS EV,2020,Electric,Manual,3282923,579.1,0,5,Premium,2,Yes,No,6,Vulnerability Management
Maruti,Grand Vitara,2022,Diesel,Automatic,1320356,14.9,1498,5,Midrange,3,Yes,No,4,OTA Security
Honda,Amaze,2025,Diesel,Automatic,802025,12.6,1497,5,Budget,3,Yes,Yes,1,Vulnerability Management
Mahindra,ScorpioN,2025,Electric,Manual,1503217,254.3,0,5,Budget,3,No,No,1,OTA Security
Maruti,Grand Vitara,2019,Diesel,Manual,1735027,21,1997,6,Midrange,1,No,No,7,Basic Monitoring
Kia,Carens,2024,Hybrid,DCT,2657291,18.2,1197,5,Premium,2,No,No,2,OTA Security
Toyota,Hyryder,2024,Hybrid,Manual,1157804,21.4,2184,5,Budget,0,Yes,Yes,2,OTA Security
Maruti,Brezza,2020,Petrol,Automatic,695412,15.8,1197,5,Budget,1,Yes,Yes,6,OTA Security
Mahindra,XUV700,2022,Electric,CVT,2378659,308.1,0,5,Midrange,2,No,No,4,OTA Security
Hyundai,Venue,2019,Petrol,Manual,1550555,12.2,1497,5,Midrange,1,No,No,7,Basic Monitoring
Tata,Nexon,2021,Diesel,Manual,1699173,22.9,1497,5,Midrange,1,Yes,Yes,5,OTA Security
Honda,Elevate,2021,Electric,Automatic,1930011,532.2,0,5,Midrange,3,No,No,5,OTA Security
MG,Astor,2024,Hybrid,CVT,1215573,29.1,1197,5,Budget,0,No,No,2,Basic Monitoring
MG,Astor,2025,Diesel,Automatic,934534,12.3,1497,5,Budget,3,No,No,1,Threat Detection
Honda,Amaze,2025,Petrol,Automatic,2716263,28.8,1498,5,Premium,0,No,No,1,Basic Monitoring
Maruti,Grand Vitara,2021,Hybrid,CVT,3011493,26.3,1497,7,Premium,3,Yes,Yes,5,Premium Cyber Suite
MG,ZS EV,2025,Electric,Automatic,2027588,480.9,0,5,Midrange,1,No,No,1,Threat Detection
Hyundai,Venue,2018,Petrol,DCT,4201766,24,2184,5,Luxury,1,No,No,8,Threat Detection
Mahindra,Thar,2025,Petrol,Automatic,2788521,13.2,1497,6,Premium,2,No,No,1,Threat Detection
Maruti,Baleno,2026,Electric,Automatic,1335839,509.2,0,5,Budget,0,Yes,Yes,0,OTA Security
Hyundai,Verna,2023,Petrol,Manual,1686357,27.2,1498,5,Midrange,0,Yes,Yes,3,OTA Security
Honda,Amaze,2020,Diesel,Automatic,807257,17.7,1497,5,Budget,0,No,No,6,Basic Monitoring
MG,Astor,2025,Petrol,Manual,2745187,22.8,1497,7,Premium,2,No,No,1,Threat Detection
Hyundai,Venue,2025,Diesel,Manual,797503,14.7,2184,5,Budget,0,No,No,1,Basic Monitoring
Toyota,Hyryder,2018,Electric,CVT,3281364,480.7,0,5,Premium,1,No,No,8,Threat Detection
Tata,Safari,2024,Petrol,Automatic,4197260,17.1,1197,7,Luxury,1,Yes,Yes,2,Vulnerability Management
Maruti,Brezza,2020,Petrol,CVT,2328376,20.2,1197,7,Premium,2,No,No,6,Threat Detection
Mahindra,ScorpioN,2025,Petrol,Manual,992367,18.5,1997,5,Budget,0,No,No,1,Basic Monitoring
Mahindra,ScorpioN,2024,Hybrid,Manual,1086428,29.6,2184,5,Budget,3,Yes,Yes,2,Vulnerability Management
Maruti,Brezza,2024,Petrol,Manual,1458696,23.8,1498,5,Midrange,2,No,No,2,Threat Detection
MG,Astor,2024,Petrol,Automatic,1362914,28.4,1197,5,Midrange,0,Yes,Yes,2,OTA Security
MG,Hector,2019,Hybrid,Manual,1937954,17.9,2184,7,Midrange,2,Yes,Yes,7,Vulnerability Management
Mahindra,ScorpioN,2018,Petrol,CVT,2577918,22.5,2184,5,Premium,1,No,No,8,Threat Detection
Toyota,Hyryder,2019,Petrol,Automatic,890833,22.4,2184,5,Budget,1,Yes,Yes,7,OTA Security
Hyundai,Verna,2022,Electric,Manual,4665367,310.1,0,5,Luxury,1,No,No,4,OTA Security
Toyota,Innova,2018,Electric,Automatic,3245588,359.5,0,5,Premium,1,Yes,Yes,8,Vulnerability Management
Toyota,Hyryder,2019,Hybrid,Manual,974274,29.2,1997,7,Budget,1,No,No,7,Basic Monitoring
Toyota,Hyryder,2023,Petrol,Automatic,1588279,19.2,998,5,Midrange,1,Yes,No,3,Threat Detection
Maruti,Baleno,2020,Diesel,Manual,2631937,23.8,1997,7,Premium,2,Yes,Yes,6,Vulnerability Management
Mahindra,ScorpioN,2020,Petrol,CVT,1616464,24.3,1498,5,Midrange,1,Yes,Yes,6,OTA Security
Honda,Amaze,2019,Petrol,Manual,1055530,29.6,1197,6,Budget,2,Yes,Yes,7,OTA Security
Hyundai,Creta,2020,Diesel,CVT,1722994,24.6,1497,7,Midrange,1,No,No,6,Basic Monitoring
Kia,Carens,2019,Electric,Manual,4604243,487.2,0,7,Luxury,0,No,No,7,Threat Detection
Maruti,Grand Vitara,2020,Petrol,Automatic,2644752,25.2,998,5,Premium,0,No,No,6,Basic Monitoring
Toyota,Hyryder,2024,Hybrid,Manual,4518627,21.4,2184,5,Luxury,1,Yes,No,2,Vulnerability Management
Kia,Carens,2019,Electric,Automatic,1947259,282.8,0,7,Midrange,2,Yes,Yes,7,Vulnerability Management
Tata,Nexon,2022,Diesel,Automatic,2797233,25.2,1498,6,Premium,1,No,No,4,Threat Detection
Hyundai,Venue,2018,Diesel,DCT,2674425,18.2,2184,7,Premium,1,No,No,8,Threat Detection
Tata,Safari,2025,Electric,Automatic,3174473,296.7,0,5,Premium,3,Yes,Yes,1,Premium Cyber Suite
Tata,Harrier,2025,Petrol,Automatic,1079222,27.3,998,5,Budget,2,No,No,1,Basic Monitoring
Kia,Sonet,2022,Petrol,Manual,1506371,23.6,998,6,Midrange,1,Yes,No,4,Threat Detection
MG,ZS EV,2023,Petrol,Automatic,656184,15.4,1497,5,Budget,0,No,No,3,Basic Monitoring
Hyundai,Venue,2025,Petrol,Automatic,2515335,14.8,2184,5,Premium,0,No,No,1,Basic Monitoring
Toyota,Innova,2024,Petrol,Automatic,2581242,27.1,1197,5,Premium,2,Yes,Yes,2,Vulnerability Management
Honda,Amaze,2024,Petrol,CVT,2358020,25.4,998,5,Premium,0,Yes,Yes,2,OTA Security
Toyota,Innova,2022,Petrol,Automatic,1657426,27.9,1997,6,Midrange,2,Yes,Yes,4,Vulnerability Management
Mahindra,XUV700,2019,Hybrid,Manual,1607155,18.2,1997,5,Midrange,2,Yes,Yes,7,Vulnerability Management
Maruti,Grand Vitara,2022,Petrol,Manual,1623807,16.5,998,5,Midrange,0,No,No,4,Basic Monitoring
Toyota,Hyryder,2024,Petrol,Automatic,2667601,27.4,2184,5,Premium,2,Yes,Yes,2,Vulnerability Management
Toyota,Fortuner,2020,Diesel,Manual,676655,13.6,998,6,Budget,1,No,No,6,Basic Monitoring
Maruti,Baleno,2022,Hybrid,DCT,1123386,23.6,1497,5,Budget,1,No,No,4,Basic Monitoring
Kia,Sonet,2022,Electric,Automatic,1669293,510.7,0,5,Budget,0,Yes,Yes,4,OTA Security
Kia,Sonet,2022,Electric,Manual,1697197,484.1,0,7,Budget,1,Yes,Yes,4,Vulnerability Management
Mahindra,ScorpioN,2023,Hybrid,Automatic,2877276,22.5,998,5,Premium,2,Yes,Yes,3,Premium Cyber Suite
Mahindra,Thar,2019,Petrol,DCT,2728557,28.7,998,7,Premium,0,No,No,7,Basic Monitoring
Honda,Elevate,2025,Electric,Manual,2922969,499.1,0,7,Premium,0,No,No,1,Threat Detection
Honda,Elevate,2025,Diesel,Manual,1553137,21.1,998,5,Midrange,1,No,No,1,Basic Monitoring
Kia,Carens,2020,Petrol,DCT,963752,20.9,1997,7,Budget,0,No,No,6,Basic Monitoring
Hyundai,Creta,2025,Hybrid,Automatic,2810160,22.3,1997,5,Premium,2,Yes,Yes,1,Premium Cyber Suite
MG,Astor,2026,Petrol,CVT,740779,16.3,998,5,Budget,2,Yes,Yes,0,OTA Security
Kia,Seltos,2022,Electric,Manual,4831704,471.4,0,5,Luxury,1,Yes,Yes,4,Premium Cyber Suite
Honda,City,2026,Petrol,Manual,2454610,26.8,1197,5,Premium,1,Yes,No,0,OTA Security
Mahindra,ScorpioN,2018,Diesel,DCT,2709213,24.4,2184,5,Premium,2,No,No,8,Threat Detection
Toyota,Innova,2021,Petrol,Manual,1749955,25.1,1497,5,Midrange,2,Yes,Yes,5,Vulnerability Management
MG,ZS EV,2025,Petrol,Manual,2399016,15.2,1497,5,Premium,2,No,No,1,Threat Detection
Kia,Seltos,2020,Electric,Automatic,1275247,589.6,0,5,Budget,0,Yes,No,6,Threat Detection
Mahindra,Thar,2018,Diesel,Automatic,1033356,28.8,1197,5,Budget,0,No,No,8,Basic Monitoring
Hyundai,Venue,2020,Electric,Automatic,2904926,368.4,0,5,Premium,3,Yes,Yes,6,Premium Cyber Suite
Toyota,Fortuner,2025,Hybrid,CVT,2761158,24.5,2184,7,Premium,1,Yes,Yes,1,Vulnerability Management
Hyundai,Creta,2018,Petrol,Manual,1738558,16.1,1498,5,Midrange,1,Yes,Yes,8,OTA Security
Honda,Amaze,2022,Petrol,CVT,1763587,20.9,998,5,Midrange,2,No,No,4,Threat Detection
Hyundai,Venue,2023,Petrol,Manual,1784810,22.9,1197,6,Midrange,3,No,No,3,Threat Detection
Honda,Amaze,2020,Hybrid,Manual,1758106,16.9,1498,5,Midrange,2,Yes,No,6,OTA Security
Kia,Carens,2019,Hybrid,CVT,4507782,25,1498,5,Luxury,2,Yes,Yes,7,Premium Cyber Suite
Hyundai,Verna,2024,Electric,Manual,1266865,361.8,0,6,Budget,0,No,No,2,Basic Monitoring
MG,Astor,2024,Diesel,Automatic,1094943,20.9,1997,6,Budget,2,Yes,Yes,2,OTA Security
Toyota,Innova,2019,Diesel,Automatic,1663593,18.5,1197,5,Midrange,2,Yes,Yes,7,Vulnerability Management
Honda,Amaze,2025,Electric,DCT,1383158,522.5,0,5,Budget,1,No,No,1,Threat Detection
Kia,Sonet,2020,Electric,Automatic,4620765,269.6,0,5,Luxury,1,No,No,6,OTA Security
Hyundai,Verna,2020,Petrol,Manual,3994869,20.6,1997,5,Luxury,0,Yes,Yes,6,Vulnerability Management
Tata,Nexon,2023,Petrol,Manual,1035718,25.4,2184,7,Budget,2,Yes,Yes,3,OTA Security
Kia,Sonet,2024,Hybrid,Automatic,1606925,12.6,1197,7,Midrange,1,Yes,No,2,OTA Security
Mahindra,XUV700,2024,Electric,Automatic,3190537,357.1,0,5,Premium,2,Yes,Yes,2,Premium Cyber Suite
Maruti,Brezza,2022,Electric,Automatic,4465605,387.3,0,7,Luxury,2,Yes,Yes,4,Premium Cyber Suite
Hyundai,Verna,2025,Diesel,Automatic,1499475,23.6,1197,5,Midrange,0,No,No,1,Basic Monitoring
Hyundai,Creta,2019,Petrol,CVT,1425582,13.2,1997,5,Midrange,1,No,No,7,Basic Monitoring
Kia,Seltos,2026,Petrol,DCT,644585,26.2,998,5,Budget,3,Yes,Yes,0,Vulnerability Management
Honda,City,2022,Petrol,Automatic,808738,18.4,1197,5,Budget,1,Yes,Yes,4,OTA Security
Honda,Elevate,2026,Petrol,CVT,907849,12.7,1197,5,Budget,2,Yes,No,0,Threat Detection
MG,ZS EV,2019,Electric,Manual,1557281,306.4,0,7,Budget,2,No,No,7,Threat Detection
Honda,Elevate,2020,Petrol,Automatic,2525916,24.3,1197,5,Premium,0,No,No,6,Basic Monitoring
Hyundai,Creta,2025,Petrol,Manual,2462289,26.1,998,6,Premium,1,No,No,1,Threat Detection
Hyundai,Venue,2023,Petrol,Manual,902258,25.9,1497,6,Budget,1,Yes,Yes,3,OTA Security
Kia,Sonet,2020,Electric,DCT,2090564,571,0,5,Midrange,3,Yes,No,6,Vulnerability Management
MG,Hector,2026,Electric,DCT,2257669,596.9,0,5,Midrange,1,Yes,No,0,OTA Security
Tata,Safari,2021,Hybrid,Automatic,955206,13.3,1498,6,Budget,1,Yes,Yes,5,OTA Security
Hyundai,Venue,2025,Diesel,Automatic,2357209,28.5,1498,6,Premium,0,No,No,1,Basic Monitoring
Toyota,Innova,2023,Petrol,Manual,1411482,12.7,1197,6,Midrange,2,Yes,Yes,3,Vulnerability Management
Mahindra,Thar,2021,Petrol,Manual,1499378,26.2,1498,5,Midrange,0,No,No,5,Basic Monitoring
Tata,Nexon,2018,Electric,Automatic,1533283,278.6,0,6,Budget,0,Yes,Yes,8,OTA Security
Maruti,Baleno,2021,Hybrid,Manual,2648465,17.3,1197,5,Premium,3,Yes,No,5,Vulnerability Management
Maruti,Grand Vitara,2025,Diesel,CVT,4029000,19,998,7,Luxury,1,No,No,1,Threat Detection
Toyota,Fortuner,2020,Petrol,DCT,4189460,12.3,1498,5,Luxury,2,No,No,6,OTA Security
MG,Hector,2019,Hybrid,Automatic,1278685,27,1197,6,Budget,0,No,No,7,Basic Monitoring
Hyundai,Creta,2021,Hybrid,Manual,2006000,18.3,1197,7,Midrange,0,No,No,5,Threat Detection
Tata,Harrier,2023,Petrol,CVT,1754955,30,1498,6,Midrange,0,No,No,3,Basic Monitoring
Honda,Elevate,2026,Diesel,DCT,1785673,15.2,1997,5,Midrange,0,No,No,0,Basic Monitoring
Maruti,Grand Vitara,2022,Electric,Automatic,2048503,567.1,0,5,Midrange,2,No,No,4,OTA Security
Hyundai,Creta,2019,Diesel,Automatic,1560259,23.4,1997,7,Midrange,2,Yes,Yes,7,Vulnerability Management
Tata,Safari,2022,Electric,Manual,3189190,293.6,0,6,Premium,1,Yes,Yes,4,Vulnerability Management
Maruti,Baleno,2024,Petrol,Automatic,748690,17.5,1498,5,Budget,1,No,No,2,Basic Monitoring
Tata,Harrier,2018,Petrol,Manual,1728189,17.7,1197,7,Midrange,1,No,No,8,Basic Monitoring
Maruti,Brezza,2026,Electric,Manual,2334398,400.2,0,6,Midrange,0,No,No,0,Threat Detection
Mahindra,ScorpioN,2023,Diesel,Automatic,1020044,19.1,2184,5,Budget,0,Yes,Yes,3,Threat Detection
Mahindra,ScorpioN,2021,Petrol,Manual,1003718,28.6,998,7,Budget,2,Yes,Yes,5,OTA Security
Maruti,Brezza,2020,Electric,Automatic,2997808,353.9,0,7,Premium,1,No,No,6,Threat Detection
Toyota,Hyryder,2024,Hybrid,Automatic,1390196,27.6,998,6,Budget,0,Yes,No,2,Threat Detection
Hyundai,Creta,2020,Petrol,CVT,859126,15.7,998,6,Budget,2,No,No,6,Basic Monitoring
Tata,Harrier,2019,Diesel,Automatic,820152,26.6,1197,5,Budget,1,Yes,No,7,Threat Detection
Tata,Nexon,2018,Petrol,Manual,1621915,16.6,998,5,Midrange,2,Yes,Yes,8,Vulnerability Management
Tata,Safari,2018,Diesel,CVT,791307,16,2184,5,Budget,0,Yes,Yes,8,Threat Detection
Kia,Sonet,2025,Petrol,Manual,2641796,20.9,1997,6,Premium,1,No,No,1,Threat Detection
Toyota,Innova,2020,Petrol,CVT,2505953,22.6,1197,5,Premium,0,No,No,6,Basic Monitoring
MG,Hector,2025,Diesel,Automatic,2626584,15.6,1497,5,Premium,0,No,No,1,Basic Monitoring
Hyundai,Venue,2020,Electric,DCT,1414857,475.8,0,7,Budget,1,No,No,6,Threat Detection
Honda,Elevate,2018,Petrol,CVT,1397472,18.7,1497,5,Midrange,1,Yes,Yes,8,OTA Security
Tata,Harrier,2018,Hybrid,Manual,1768590,22.8,1997,5,Midrange,3,Yes,Yes,8,Premium Cyber Suite
Hyundai,Verna,2022,Hybrid,DCT,2951978,19.6,1498,5,Premium,0,No,No,4,Threat Detection
Honda,City,2021,Petrol,Automatic,743872,17.9,1498,5,Budget,1,Yes,Yes,5,OTA Security
Tata,Harrier,2018,Diesel,CVT,4277963,12.7,1997,7,Luxury,1,Yes,No,8,OTA Security
Tata,Harrier,2018,Petrol,Manual,2679193,13.4,1497,6,Premium,1,Yes,Yes,8,Vulnerability Management
Tata,Harrier,2022,Hybrid,Automatic,3077349,23.1,998,5,Premium,0,No,No,4,Threat Detection
Tata,Nexon,2020,Petrol,Manual,1528423,26.6,1997,5,Midrange,1,Yes,Yes,6,OTA Security
Tata,Harrier,2018,Petrol,DCT,772663,18.8,2184,5,Budget,2,No,No,8,Basic Monitoring
Mahindra,Thar,2025,Petrol,Manual,906252,19.4,1498,5,Budget,3,No,No,1,Threat Detection
Toyota,Hyryder,2025,Hybrid,DCT,1983183,24.8,1497,7,Midrange,1,Yes,Yes,1,Vulnerability Management
Toyota,Hyryder,2021,Hybrid,Manual,1711398,15.4,998,5,Midrange,0,Yes,No,5,Threat Detection
Toyota,Hyryder,2026,Diesel,Manual,4171464,28.5,1197,5,Luxury,1,Yes,Yes,0,Vulnerability Management
Maruti,Grand Vitara,2026,Petrol,Automatic,821823,23.7,1197,6,Budget,0,Yes,No,0,Basic Monitoring
Hyundai,Verna,2019,Petrol,CVT,614987,18.3,998,7,Budget,1,No,No,7,Basic Monitoring
Hyundai,Venue,2024,Petrol,Automatic,1474975,23.7,2184,6,Midrange,0,Yes,Yes,2,OTA Security
Toyota,Innova,2021,Diesel,Automatic,1558797,16.5,998,5,Midrange,1,Yes,Yes,5,OTA Security
Hyundai,Creta,2018,Diesel,Manual,1444420,24.9,1498,6,Midrange,1,No,No,8,Basic Monitoring
Hyundai,Creta,2022,Diesel,Manual,933918,25.2,998,5,Budget,1,No,No,4,Basic Monitoring
MG,Astor,2022,Electric,Automatic,1557272,299.6,0,5,Budget,0,Yes,No,4,Threat Detection
MG,Hector,2023,Petrol,DCT,2389509,22.7,1498,7,Premium,2,No,No,3,Threat Detection
Tata,Harrier,2021,Diesel,Manual,956540,21.5,1197,5,Budget,3,No,No,5,Threat Detection
Hyundai,Creta,2022,Electric,Manual,2083910,377.5,0,5,Midrange,3,Yes,Yes,4,Premium Cyber Suite
Honda,Elevate,2023,Electric,CVT,3372995,431.8,0,5,Premium,2,Yes,Yes,3,Premium Cyber Suite
Mahindra,ScorpioN,2021,Hybrid,Manual,1728119,19.8,1197,5,Midrange,2,No,No,5,Threat Detection
Toyota,Innova,2019,Electric,CVT,2371450,556.6,0,5,Midrange,3,No,No,7,OTA Security
Kia,Carens,2023,Electric,Automatic,2044833,370.1,0,7,Midrange,1,Yes,Yes,3,Vulnerability Management
Hyundai,Venue,2025,Diesel,CVT,1357771,20.4,1197,7,Midrange,3,Yes,Yes,1,Vulnerability Management
Kia,Carens,2026,Hybrid,Manual,1319317,26.9,998,5,Budget,1,Yes,Yes,0,Vulnerability Management
MG,Hector,2018,Diesel,Automatic,731823,26.1,1997,7,Budget,0,No,No,8,Basic Monitoring
Mahindra,XUV700,2022,Petrol,Automatic,1781432,18.4,2184,6,Midrange,0,Yes,Yes,4,OTA Security
Maruti,Grand Vitara,2019,Electric,DCT,1990860,362.9,0,7,Midrange,2,No,No,7,Threat Detection
Mahindra,Thar,2021,Petrol,Automatic,759905,23.3,1997,5,Budget,0,No,No,5,Basic Monitoring
Maruti,Grand Vitara,2019,Petrol,Automatic,1790146,20.4,1498,6,Midrange,2,Yes,Yes,7,Vulnerability Management
Tata,Safari,2018,Electric,Automatic,3222546,380.6,0,7,Premium,3,Yes,Yes,8,Premium Cyber Suite
Kia,Seltos,2024,Petrol,Automatic,1700029,13,2184,5,Midrange,3,Yes,Yes,2,Vulnerability Management
Honda,Amaze,2019,Electric,Automatic,2353149,486,0,5,Midrange,0,No,No,7,Threat Detection
Toyota,Hyryder,2020,Diesel,DCT,1069265,17.4,1497,5,Budget,2,No,No,6,Basic Monitoring
MG,Astor,2021,Petrol,Manual,1363456,12.4,1997,6,Midrange,1,Yes,Yes,5,OTA Security
Maruti,Brezza,2019,Petrol,Automatic,723169,24.3,2184,7,Budget,2,Yes,No,7,Threat Detection
Hyundai,Venue,2020,Diesel,Manual,2644701,24.6,1197,6,Premium,1,No,No,6,Threat Detection
MG,Hector,2022,Hybrid,DCT,1950066,20.4,1498,5,Midrange,1,Yes,Yes,4,Vulnerability Management
Tata,Harrier,2025,Petrol,Automatic,1317869,23.2,998,5,Midrange,2,No,No,1,Threat Detection
Mahindra,ScorpioN,2025,Petrol,DCT,1748706,21.5,1997,5,Midrange,3,Yes,No,1,OTA Security
Mahindra,Thar,2020,Petrol,Automatic,1674961,23.9,1498,5,Midrange,3,Yes,Yes,6,Vulnerability Management
MG,Hector,2025,Diesel,Manual,2565803,17.8,1997,5,Premium,2,Yes,Yes,1,Vulnerability Management
Maruti,Brezza,2018,Petrol,Automatic,948788,20.6,1197,5,Budget,0,No,No,8,Basic Monitoring
Hyundai,Creta,2024,Hybrid,Automatic,1220813,19.9,1497,7,Budget,1,Yes,Yes,2,Vulnerability Management
Tata,Nexon,2023,Petrol,Automatic,934178,19.9,1497,5,Budget,2,Yes,Yes,3,OTA Security
Toyota,Hyryder,2020,Diesel,Automatic,2345098,15.7,1197,5,Premium,2,Yes,Yes,6,Vulnerability Management
Honda,Elevate,2026,Electric,Manual,2377620,322.6,0,6,Midrange,2,Yes,Yes,0,Premium Cyber Suite
Honda,Elevate,2026,Electric,CVT,2227926,523.8,0,5,Midrange,1,Yes,Yes,0,Vulnerability Management
Hyundai,Creta,2025,Petrol,Automatic,1417451,19,1497,5,Midrange,2,Yes,No,1,OTA Security
Mahindra,ScorpioN,2019,Diesel,Manual,1620469,24.6,998,7,Midrange,1,Yes,Yes,7,OTA Security
MG,Hector,2018,Petrol,Automatic,1065582,25.2,2184,5,Budget,2,Yes,Yes,8,OTA Security
Toyota,Innova,2019,Electric,Automatic,2337782,582.5,0,7,Midrange,2,Yes,No,7,Vulnerability Management
Hyundai,Verna,2025,Electric,Manual,1218664,417.2,0,5,Budget,1,Yes,Yes,1,Vulnerability Management
Tata,Nexon,2018,Hybrid,CVT,2051042,12.3,1498,5,Midrange,1,No,No,8,Threat Detection
Maruti,Grand Vitara,2020,Diesel,Automatic,829613,28.3,1497,5,Budget,0,No,No,6,Basic Monitoring
Honda,Elevate,2018,Petrol,Manual,816565,26.3,1997,5,Budget,2,No,No,8,Basic Monitoring
Tata,Safari,2021,Electric,Manual,1294682,561.6,0,5,Budget,1,Yes,Yes,5,Vulnerability Management
Mahindra,Thar,2024,Diesel,Manual,731176,26.6,1197,6,Budget,3,Yes,Yes,2,Vulnerability Management
Kia,Sonet,2026,Petrol,Automatic,1440265,13.9,1497,6,Midrange,1,No,No,0,Basic Monitoring
MG,Hector,2019,Petrol,Manual,3920867,14.2,2184,5,Luxury,1,No,No,7,Threat Detection
Tata,Nexon,2025,Diesel,Automatic,861571,17.4,998,5,Budget,2,Yes,Yes,1,OTA Security
Kia,Carens,2024,Diesel,CVT,1323286,21.6,2184,5,Midrange,1,Yes,Yes,2,OTA Security
Tata,Safari,2023,Electric,DCT,3076275,533.6,0,7,Premium,3,No,No,3,OTA Security
Toyota,Fortuner,2023,Hybrid,Automatic,3010314,13,998,7,Premium,2,No,No,3,OTA Security
Maruti,Baleno,2022,Electric,DCT,2200208,341,0,6,Midrange,2,No,No,4,OTA Security
MG,Astor,2021,Petrol,Manual,2798580,25.9,1497,5,Premium,1,No,No,5,Threat Detection
Maruti,Brezza,2022,Petrol,Automatic,2724809,23.9,1497,5,Premium,2,Yes,Yes,4,Vulnerability Management
MG,Hector,2018,Diesel,Automatic,4051767,22.4,998,5,Luxury,2,Yes,Yes,8,Premium Cyber Suite
Honda,City,2025,Petrol,CVT,1055635,27.7,2184,5,Budget,1,Yes,Yes,1,OTA Security
Toyota,Fortuner,2018,Petrol,Automatic,1466374,13.1,2184,5,Midrange,0,No,No,8,Basic Monitoring
Kia,Seltos,2023,Diesel,Manual,657233,21.2,1197,5,Budget,0,No,No,3,Basic Monitoring
Honda,Amaze,2023,Electric,Automatic,1423595,525.9,0,5,Budget,3,Yes,Yes,3,Premium Cyber Suite
Maruti,Baleno,2023,Diesel,DCT,1384050,22.6,998,7,Midrange,1,Yes,Yes,3,OTA Security
Toyota,Innova,2026,Hybrid,Automatic,2973733,12.6,2184,5,Premium,1,Yes,No,0,OTA Security
Maruti,Baleno,2019,Electric,DCT,4696433,441.9,0,6,Luxury,1,No,No,7,OTA Security
Hyundai,Verna,2018,Diesel,Automatic,1466167,17.3,1197,5,Midrange,1,No,No,8,Basic Monitoring
Toyota,Innova,2021,Diesel,Automatic,726377,19.4,998,5,Budget,1,No,No,5,Basic Monitoring
Hyundai,Venue,2025,Diesel,Automatic,1598499,28.7,1197,6,Midrange,2,No,No,1,Threat Detection
Mahindra,Thar,2022,Hybrid,Manual,1114173,22.4,2184,5,Budget,1,No,No,4,Basic Monitoring
Mahindra,ScorpioN,2018,Petrol,Automatic,2672968,12.6,1498,5,Premium,3,Yes,Yes,8,Premium Cyber Suite
Mahindra,XUV700,2020,Diesel,Automatic,1521437,24.8,998,5,Midrange,1,Yes,Yes,6,OTA Security
Honda,Amaze,2019,Electric,Manual,3086100,470.8,0,6,Premium,3,No,No,7,OTA Security
Kia,Sonet,2020,Hybrid,Automatic,2029971,22.7,1497,6,Midrange,3,Yes,No,6,Vulnerability Management
Maruti,Grand Vitara,2025,Petrol,Automatic,1005277,22.2,1997,7,Budget,0,Yes,Yes,1,Threat Detection
Maruti,Grand Vitara,2023,Petrol,CVT,3821985,29.8,1197,6,Luxury,2,No,No,3,OTA Security
Kia,Carens,2023,Petrol,Manual,743575,28.9,1497,7,Budget,1,Yes,Yes,3,OTA Security
Hyundai,Creta,2022,Petrol,Manual,2695766,12.7,1997,7,Premium,0,No,No,4,Basic Monitoring
Toyota,Fortuner,2025,Electric,Manual,1693777,294.2,0,6,Budget,3,Yes,Yes,1,Premium Cyber Suite
Kia,Seltos,2019,Diesel,Automatic,1053248,29.4,998,5,Budget,0,Yes,Yes,7,Threat Detection
Hyundai,Venue,2020,Diesel,Manual,1568878,28.1,998,6,Midrange,2,Yes,Yes,6,Vulnerability Management
Hyundai,Verna,2026,Petrol,CVT,1760101,23.3,1197,5,Midrange,2,No,No,0,Threat Detection
Maruti,Brezza,2021,Petrol,Manual,2684597,13.6,1997,5,Premium,1,Yes,Yes,5,Vulnerability Management
Tata,Harrier,2019,Diesel,Automatic,2320349,22.5,2184,5,Premium,1,Yes,Yes,7,Vulnerability Management
MG,Astor,2020,Electric,CVT,3250211,387.3,0,5,Premium,1,No,No,6,Threat Detection
MG,Hector,2019,Petrol,DCT,2700522,17.9,2184,6,Premium,1,No,No,7,Threat Detection
Hyundai,Creta,2025,Electric,Automatic,2108713,419.3,0,6,Midrange,2,No,No,1,OTA Security
Maruti,Baleno,2021,Petrol,Manual,1046162,16.7,1497,6,Budget,2,Yes,Yes,5,OTA Security
Maruti,Grand Vitara,2024,Petrol,DCT,981779,12.8,1498,6,Budget,1,No,No,2,Basic Monitoring
Toyota,Hyryder,2020,Diesel,CVT,921547,29.1,998,6,Budget,2,Yes,Yes,6,OTA Security
Hyundai,Verna,2023,Electric,CVT,2243372,594.8,0,7,Midrange,0,Yes,Yes,3,Vulnerability Management
Maruti,Baleno,2021,Petrol,Manual,1516738,28.9,998,5,Midrange,1,No,No,5,Basic Monitoring
Hyundai,Verna,2024,Hybrid,Manual,912711,16.5,1497,5,Budget,1,No,No,2,Basic Monitoring
Maruti,Baleno,2024,Petrol,Automatic,644520,24.7,2184,6,Budget,0,No,No,2,Basic Monitoring
Tata,Nexon,2026,Diesel,Manual,2715561,27.5,1497,6,Premium,1,No,No,0,Threat Detection
Tata,Harrier,2022,Diesel,Manual,4102095,29.4,1997,5,Luxury,1,Yes,Yes,4,Vulnerability Management
MG,Hector,2026,Diesel,Automatic,4181449,13.9,1197,7,Luxury,1,Yes,Yes,0,Vulnerability Management
Tata,Harrier,2021,Diesel,Automatic,762849,29.6,998,7,Budget,1,No,No,5,Basic Monitoring
Mahindra,XUV700,2025,Diesel,Manual,1739390,22.2,1197,5,Midrange,1,No,No,1,Basic Monitoring
MG,Hector,2024,Petrol,Manual,768528,16.8,1197,7,Budget,2,Yes,No,2,Threat Detection
MG,Astor,2025,Petrol,Automatic,1671651,25.3,2184,5,Midrange,1,No,No,1,Basic Monitoring
Hyundai,Venue,2019,Petrol,CVT,992245,14,1498,6,Budget,0,Yes,No,7,Basic Monitoring
Mahindra,Thar,2026,Diesel,Automatic,1509403,25,2184,5,Midrange,0,Yes,No,0,Threat Detection
Honda,Amaze,2023,Diesel,Manual,959149,24.9,1997,7,Budget,1,No,No,3,Basic Monitoring
Kia,Sonet,2025,Petrol,Manual,2746901,20.5,1497,6,Premium,3,Yes,Yes,1,Premium Cyber Suite
Mahindra,XUV700,2025,Petrol,DCT,1398395,13.7,1997,6,Midrange,0,Yes,Yes,1,OTA Security
Mahindra,XUV700,2023,Diesel,CVT,1307407,27.6,1997,5,Midrange,3,Yes,No,3,OTA Security
Honda,Amaze,2024,Electric,Automatic,2006214,348,0,5,Midrange,0,Yes,Yes,2,Vulnerability Management
Hyundai,Creta,2026,Diesel,CVT,1704739,25.3,1997,6,Midrange,3,Yes,No,0,OTA Security
Toyota,Fortuner,2018,Hybrid,DCT,1321188,12,998,5,Budget,2,Yes,Yes,8,Vulnerability Management
Mahindra,Thar,2025,Diesel,Automatic,1698462,18.8,1498,6,Midrange,0,No,No,1,Basic Monitoring
Honda,Elevate,2026,Petrol,Manual,1412144,27,2184,5,Midrange,3,No,No,0,Threat Detection
Maruti,Baleno,2025,Diesel,CVT,1592502,27.6,1498,5,Midrange,3,Yes,Yes,1,Vulnerability Management
Maruti,Brezza,2026,Electric,DCT,1396191,253.7,0,6,Budget,0,No,No,0,Basic Monitoring
Honda,Amaze,2021,Petrol,Manual,793392,16.9,2184,5,Budget,3,Yes,Yes,5,Vulnerability Management
MG,Hector,2018,Electric,Automatic,1230003,552.1,0,6,Budget,3,No,No,8,OTA Security
MG,Hector,2020,Diesel,CVT,2723326,23,2184,5,Premium,0,No,No,6,Basic Monitoring
Mahindra,XUV700,2019,Diesel,CVT,934222,17,1197,7,Budget,2,Yes,No,7,Threat Detection
Tata,Harrier,2023,Electric,Manual,4778606,391.1,0,5,Luxury,3,Yes,No,3,Premium Cyber Suite
Hyundai,Creta,2026,Petrol,Manual,623335,15.1,2184,5,Budget,1,Yes,Yes,0,OTA Security
Kia,Sonet,2026,Petrol,Manual,1665057,13.6,998,5,Midrange,0,No,No,0,Basic Monitoring
Hyundai,Creta,2023,Diesel,DCT,2713525,20.3,2184,5,Premium,0,No,No,3,Basic Monitoring
Kia,Carens,2021,Hybrid,Automatic,1798867,17.7,1197,5,Midrange,2,Yes,Yes,5,Vulnerability Management
Kia,Seltos,2020,Electric,Manual,1948450,372.1,0,7,Midrange,1,No,No,6,Threat Detection
MG,Astor,2020,Petrol,CVT,1582040,19.8,2184,5,Midrange,2,No,No,6,Threat Detection
Toyota,Innova,2026,Diesel,Automatic,869102,12.6,998,7,Budget,2,Yes,Yes,0,OTA Security
Mahindra,ScorpioN,2020,Diesel,Manual,1645141,23.3,998,5,Midrange,2,Yes,Yes,6,Vulnerability Management
Maruti,Grand Vitara,2023,Petrol,DCT,787697,12.4,1997,6,Budget,1,Yes,Yes,3,OTA Security
Maruti,Baleno,2024,Diesel,Manual,2615066,17.4,1197,7,Premium,1,No,No,2,Threat Detection
Hyundai,Venue,2024,Hybrid,DCT,1614971,22.7,2184,7,Midrange,0,Yes,Yes,2,OTA Security
Toyota,Hyryder,2020,Petrol,Manual,3847394,26.4,1498,6,Luxury,1,No,No,6,Threat Detection
Mahindra,ScorpioN,2018,Hybrid,Manual,1061232,13.6,1197,5,Budget,0,Yes,Yes,8,OTA Security
Honda,City,2025,Petrol,Manual,1506594,24,1498,5,Midrange,2,No,No,1,Threat Detection
Hyundai,Venue,2020,Petrol,DCT,1471500,25.1,1498,7,Midrange,3,No,No,6,Threat Detection
Maruti,Baleno,2019,Petrol,Automatic,3814101,25.8,1497,5,Luxury,1,No,No,7,Threat Detection
Honda,Amaze,2018,Diesel,CVT,4138468,17.4,998,5,Luxury,1,Yes,Yes,8,Vulnerability Management
Maruti,Baleno,2020,Diesel,Manual,1730584,15.2,1498,7,Midrange,1,Yes,No,6,Threat Detection
Hyundai,Venue,2019,Petrol,Automatic,1512060,22.3,1498,6,Midrange,2,Yes,Yes,7,Vulnerability Management
Tata,Harrier,2024,Diesel,Manual,1689055,20.1,1497,6,Midrange,2,Yes,No,2,OTA Security
Honda,Amaze,2023,Petrol,Manual,1698254,14.7,1497,7,Midrange,1,No,No,3,Basic Monitoring
Kia,Seltos,2026,Electric,Automatic,1925450,411.1,0,5,Midrange,1,Yes,No,0,OTA Security
Honda,Elevate,2024,Petrol,Manual,2584556,20,1497,5,Premium,1,Yes,Yes,2,Vulnerability Management
Hyundai,Venue,2018,Diesel,Automatic,880486,23.4,1498,5,Budget,0,No,No,8,Basic Monitoring
Honda,Elevate,2021,Electric,DCT,4830170,380.5,0,5,Luxury,1,Yes,Yes,5,Premium Cyber Suite
Hyundai,Venue,2026,Electric,Manual,4792831,511.4,0,5,Luxury,1,Yes,Yes,0,Premium Cyber Suite
Maruti,Brezza,2021,Diesel,DCT,1582673,18.7,1498,5,Midrange,3,Yes,Yes,5,Vulnerability Management
Maruti,Grand Vitara,2020,Petrol,Automatic,1776969,15.7,1498,5,Midrange,0,Yes,Yes,6,OTA Security
Kia,Sonet,2025,Diesel,DCT,1416037,16,1997,5,Midrange,1,No,No,1,Basic Monitoring
MG,Astor,2024,Diesel,Manual,1787521,26.8,1197,6,Midrange,2,Yes,Yes,2,Vulnerability Management
MG,ZS EV,2026,Hybrid,Automatic,916916,20.8,1497,5,Budget,2,Yes,Yes,0,Vulnerability Management
Toyota,Hyryder,2026,Petrol,Manual,1653632,23.2,1997,6,Midrange,1,Yes,Yes,0,OTA Security
Maruti,Brezza,2022,Diesel,Automatic,1082961,14.2,1498,5,Budget,1,Yes,No,4,Threat Detection
Toyota,Fortuner,2022,Petrol,Manual,2685068,15.9,1997,5,Premium,3,Yes,Yes,4,Premium Cyber Suite
Honda,Elevate,2019,Hybrid,Automatic,1933558,19.1,1498,6,Midrange,1,No,No,7,Threat Detection
MG,Hector,2025,Petrol,CVT,1301749,15.1,998,6,Midrange,1,Yes,Yes,1,OTA Security
Maruti,Grand Vitara,2024,Petrol,Manual,919661,22.8,2184,6,Budget,2,No,No,2,Basic Monitoring
Tata,Harrier,2021,Petrol,Automatic,1799041,27.9,2184,6,Midrange,1,No,No,5,Basic Monitoring
Toyota,Fortuner,2025,Petrol,CVT,1091331,13.2,998,5,Budget,2,Yes,Yes,1,OTA Security
MG,Hector,2021,Hybrid,Automatic,992734,22.9,1497,5,Budget,3,Yes,Yes,5,Vulnerability Management
Toyota,Innova,2019,Petrol,Manual,1754590,26.1,1497,7,Midrange,1,Yes,Yes,7,OTA Security
Hyundai,Verna,2026,Hybrid,Automatic,2631345,25.8,1497,6,Premium,1,Yes,No,0,OTA Security
MG,Hector,2019,Petrol,CVT,2603988,19.4,1497,5,Premium,2,Yes,Yes,7,Vulnerability Management
Toyota,Innova,2021,Petrol,Manual,1540250,16.7,1497,6,Midrange,3,Yes,Yes,5,Vulnerability Management
Honda,Elevate,2022,Diesel,Automatic,2377607,22.1,2184,5,Premium,1,Yes,No,4,OTA Security
Kia,Carens,2020,Diesel,Manual,2652991,24.5,1197,7,Premium,1,No,No,6,Threat Detection
Kia,Sonet,2022,Diesel,Manual,758836,21.2,1997,6,Budget,0,Yes,Yes,4,Threat Detection
MG,Astor,2020,Electric,Automatic,2162718,419.8,0,5,Midrange,1,Yes,No,6,OTA Security
MG,ZS EV,2025,Electric,Manual,4579498,463,0,5,Luxury,1,Yes,Yes,1,Premium Cyber Suite
Toyota,Innova,2025,Diesel,DCT,4240389,26.2,1197,5,Luxury,2,No,No,1,OTA Security
Honda,Amaze,2018,Petrol,Manual,1335230,27.2,1997,5,Midrange,1,No,No,8,Basic Monitoring
Tata,Harrier,2026,Petrol,Manual,2661600,16.1,2184,6,Premium,3,No,No,0,OTA Security
Mahindra,XUV700,2022,Diesel,Manual,1035522,14.4,1497,5,Budget,3,No,No,4,Threat Detection
Toyota,Fortuner,2021,Diesel,Automatic,1581507,13.3,1498,5,Midrange,3,Yes,Yes,5,Vulnerability Management
MG,ZS EV,2025,Petrol,Automatic,855449,28.3,2184,6,Budget,1,Yes,Yes,1,OTA Security
Toyota,Hyryder,2025,Electric,Manual,2041947,430,0,5,Midrange,1,Yes,Yes,1,Vulnerability Management
Kia,Carens,2021,Petrol,Automatic,1628163,29,1498,5,Midrange,1,No,No,5,Basic Monitoring
Honda,Amaze,2025,Diesel,Manual,2652833,20,2184,7,Premium,1,No,No,1,Threat Detection
Mahindra,XUV700,2019,Hybrid,Manual,1767780,28.7,1197,7,Midrange,2,Yes,Yes,7,Vulnerability Management
Mahindra,ScorpioN,2020,Petrol,Automatic,682807,29.7,2184,7,Budget,2,Yes,No,6,Threat Detection
Maruti,Baleno,2022,Petrol,Manual,4237486,18.4,2184,5,Luxury,1,Yes,Yes,4,Vulnerability Management
MG,Hector,2024,Diesel,CVT,1092824,18.4,1197,6,Budget,1,No,No,2,Basic Monitoring
Kia,Seltos,2021,Petrol,Automatic,795808,18.9,1997,7,Budget,0,No,No,5,Basic Monitoring
Toyota,Fortuner,2026,Diesel,Manual,684105,20.5,998,6,Budget,1,Yes,Yes,0,OTA Security
MG,ZS EV,2022,Electric,Automatic,1229420,573.3,0,5,Budget,2,Yes,Yes,4,Vulnerability Management
MG,ZS EV,2019,Petrol,CVT,1379572,22.1,1498,5,Midrange,3,Yes,Yes,7,Vulnerability Management
Honda,Amaze,2026,Hybrid,Manual,1752787,27.7,2184,5,Midrange,2,Yes,Yes,0,Vulnerability Management
Honda,Elevate,2021,Petrol,Automatic,1474594,16.7,1997,5,Midrange,0,No,No,5,Basic Monitoring
Mahindra,XUV700,2024,Diesel,CVT,2736036,21.2,998,7,Premium,1,No,No,2,Threat Detection
Maruti,Brezza,2026,Electric,Manual,2048188,447.9,0,7,Midrange,2,Yes,Yes,0,Premium Cyber Suite
Hyundai,Verna,2020,Hybrid,CVT,1383654,15.4,998,6,Budget,1,No,No,6,Threat Detection
Kia,Sonet,2025,Electric,DCT,1373240,368.9,0,7,Budget,0,No,No,1,Basic Monitoring
Maruti,Brezza,2024,Diesel,Manual,2309894,27.4,1997,5,Premium,0,Yes,Yes,2,OTA Security
MG,Astor,2021,Hybrid,Automatic,2061536,14.7,1497,5,Midrange,2,Yes,Yes,5,Premium Cyber Suite
Hyundai,Creta,2026,Diesel,CVT,2583155,28.7,2184,5,Premium,1,Yes,No,0,OTA Security
Toyota,Innova,2020,Diesel,Manual,3913894,29,998,6,Luxury,2,Yes,No,6,Vulnerability Management
Tata,Harrier,2021,Petrol,Automatic,1407810,29.4,1997,7,Midrange,2,Yes,Yes,5,Vulnerability Management
Hyundai,Creta,2021,Petrol,Automatic,1693049,13.6,1997,5,Midrange,3,Yes,Yes,5,Vulnerability Management
MG,Hector,2026,Petrol,Automatic,1021219,13.8,1497,5,Budget,1,No,No,0,Basic Monitoring
Hyundai,Venue,2022,Petrol,Automatic,1724762,16.9,2184,5,Midrange,1,Yes,No,4,Threat Detection
Tata,Nexon,2021,Petrol,Manual,1373515,13.1,1197,5,Midrange,2,No,No,5,Threat Detection
Honda,Amaze,2024,Electric,Automatic,1471895,313.6,0,5,Budget,3,Yes,No,2,Vulnerability Management
Mahindra,XUV700,2025,Petrol,Automatic,1741149,18,1498,5,Midrange,1,Yes,Yes,1,OTA Security
Mahindra,ScorpioN,2018,Diesel,CVT,2388992,13.7,998,5,Premium,0,Yes,No,8,Threat Detection
MG,Hector,2024,Electric,Automatic,1516287,564.8,0,5,Budget,2,Yes,Yes,2,Vulnerability Management
Mahindra,ScorpioN,2026,Petrol,Automatic,2550499,22.3,1197,5,Premium,1,No,No,0,Threat Detection
Mahindra,XUV700,2021,Hybrid,Automatic,2748006,15.3,2184,5,Premium,3,Yes,Yes,5,Premium Cyber Suite
Honda,Amaze,2025,Hybrid,Automatic,2063251,17.9,1497,5,Midrange,1,No,No,1,Threat Detection
Tata,Safari,2024,Diesel,CVT,3807508,14.9,1497,5,Luxury,0,Yes,Yes,2,Vulnerability Management
MG,Hector,2023,Petrol,CVT,4012681,21.8,998,5,Luxury,1,Yes,Yes,3,Vulnerability Management
Honda,Elevate,2020,Petrol,CVT,1587782,25.7,1497,5,Midrange,1,Yes,No,6,Threat Detection
Honda,Elevate,2018,Electric,Manual,1439826,294.2,0,5,Budget,2,Yes,Yes,8,Vulnerability Management
Kia,Sonet,2024,Diesel,DCT,4064620,27.9,1997,5,Luxury,0,No,No,2,Threat Detection
Mahindra,Thar,2021,Hybrid,Manual,2875552,21.5,1997,5,Premium,2,Yes,No,5,Vulnerability Management
Toyota,Hyryder,2026,Petrol,Manual,1632874,25.5,1197,7,Midrange,2,Yes,No,0,OTA Security
Maruti,Brezza,2022,Petrol,DCT,1504352,28.1,1498,5,Midrange,3,No,No,4,Threat Detection
Mahindra,Thar,2022,Petrol,Manual,1463370,22.7,998,5,Midrange,1,No,No,4,Basic Monitoring
Maruti,Brezza,2020,Diesel,Manual,4298551,19.5,1997,5,Luxury,3,Yes,Yes,6,Premium Cyber Suite
Toyota,Innova,2019,Petrol,DCT,810470,29,1197,5,Budget,0,No,No,7,Basic Monitoring
MG,ZS EV,2022,Hybrid,Manual,1063137,22.8,1197,6,Budget,1,No,No,4,Basic Monitoring
Kia,Seltos,2026,Hybrid,Automatic,1295444,29.8,1498,5,Budget,3,Yes,Yes,0,Premium Cyber Suite
Hyundai,Verna,2025,Diesel,Manual,2753774,16,998,5,Premium,2,No,No,1,Threat Detection
Honda,City,2025,Electric,DCT,2234527,544.8,0,5,Midrange,0,No,No,1,Threat Detection
Kia,Carens,2026,Petrol,Automatic,786993,16.4,1498,5,Budget,0,Yes,No,0,Basic Monitoring
Maruti,Baleno,2022,Petrol,CVT,2593952,27.7,2184,6,Premium,2,Yes,Yes,4,Vulnerability Management
Tata,Safari,2019,Diesel,CVT,4101793,16.3,1997,7,Luxury,0,No,No,7,Threat Detection
Maruti,Grand Vitara,2018,Petrol,CVT,2600597,26.5,2184,6,Premium,3,Yes,Yes,8,Premium Cyber Suite
Tata,Nexon,2020,Petrol,DCT,1082696,28,1497,5,Budget,1,Yes,Yes,6,OTA Security
Honda,City,2022,Diesel,Manual,1632821,15.8,1997,5,Midrange,1,No,No,4,Basic Monitoring
Maruti,Grand Vitara,2020,Electric,CVT,2223172,588.1,0,5,Midrange,1,No,No,6,Threat Detection
Kia,Seltos,2019,Diesel,Manual,1397618,20.7,1497,6,Midrange,2,Yes,No,7,OTA Security
Honda,City,2020,Petrol,Manual,1776488,17.3,1997,7,Midrange,1,No,No,6,Basic Monitoring
Mahindra,ScorpioN,2019,Petrol,Manual,1759765,14.6,1497,7,Midrange,2,No,No,7,Threat Detection
Honda,Elevate,2020,Electric,Manual,4827070,589.8,0,5,Luxury,3,Yes,Yes,6,Premium Cyber Suite
Toyota,Innova,2018,Petrol,Manual,3813819,29.7,1197,5,Luxury,1,No,No,8,Threat Detection
MG,Astor,2021,Petrol,Manual,4249593,19.5,1997,7,Luxury,2,No,No,5,OTA Security
Toyota,Innova,2020,Electric,Automatic,2365884,528.9,0,5,Midrange,3,Yes,Yes,6,Premium Cyber Suite
Kia,Sonet,2023,Petrol,DCT,883309,14.4,2184,5,Budget,1,No,No,3,Basic Monitoring
Mahindra,XUV700,2026,Hybrid,Automatic,1333215,24.9,2184,7,Budget,2,No,No,0,Threat Detection
Toyota,Innova,2022,Diesel,Manual,1560640,12.4,1498,7,Midrange,2,Yes,No,4,OTA Security
Tata,Harrier,2025,Electric,Manual,1934295,563.8,0,5,Midrange,3,Yes,Yes,1,Premium Cyber Suite
MG,Hector,2020,Electric,Manual,2182274,529.4,0,7,Midrange,2,Yes,Yes,6,Premium Cyber Suite
Maruti,Brezza,2026,Electric,Automatic,3219603,455.6,0,5,Premium,0,No,No,0,Threat Detection
Hyundai,Verna,2024,Hybrid,Automatic,1215372,27,998,6,Budget,2,No,No,2,Threat Detection
Hyundai,Venue,2019,Petrol,Automatic,2659322,14.5,1497,5,Premium,1,Yes,Yes,7,Vulnerability Management
Hyundai,Venue,2023,Petrol,Automatic,647571,16.1,2184,5,Budget,0,No,No,3,Basic Monitoring
Honda,Elevate,2019,Diesel,Manual,1592095,15,1997,5,Midrange,0,No,No,7,Basic Monitoring
Tata,Harrier,2024,Petrol,CVT,1496522,15.4,1997,6,Midrange,3,No,No,2,Threat Detection
Mahindra,Thar,2021,Electric,Manual,1981092,497.2,0,5,Midrange,2,Yes,No,5,OTA Security
Mahindra,ScorpioN,2018,Diesel,DCT,2716099,17.6,1497,5,Premium,3,No,No,8,OTA Security
Honda,Amaze,2020,Diesel,Manual,701271,28.6,1498,7,Budget,2,No,No,6,Basic Monitoring
Maruti,Grand Vitara,2019,Hybrid,Manual,974124,15.4,1498,5,Budget,1,No,No,7,Basic Monitoring
Honda,City,2025,Electric,DCT,3339910,281.8,0,5,Premium,2,No,No,1,OTA Security
Maruti,Baleno,2021,Petrol,Manual,2453594,13.5,998,6,Premium,3,Yes,Yes,5,Premium Cyber Suite
Hyundai,Venue,2026,Diesel,Automatic,1712279,24.6,1997,5,Midrange,2,No,No,0,Threat Detection
Toyota,Fortuner,2022,Electric,Automatic,1990889,437,0,5,Midrange,2,No,No,4,Threat Detection
Kia,Sonet,2021,Petrol,Automatic,2658699,15.2,1497,5,Premium,3,Yes,Yes,5,Premium Cyber Suite
Toyota,Fortuner,2025,Electric,CVT,2938253,464.6,0,5,Premium,2,Yes,Yes,1,Premium Cyber Suite
Maruti,Brezza,2019,Electric,Manual,1626580,386.5,0,5,Budget,3,Yes,Yes,7,Premium Cyber Suite
Honda,Elevate,2018,Petrol,Automatic,1435363,27.5,2184,5,Midrange,3,Yes,Yes,8,Vulnerability Management
Toyota,Hyryder,2022,Diesel,Manual,2497725,26.7,1498,5,Premium,1,No,No,4,Threat Detection
Tata,Safari,2024,Petrol,CVT,961496,14.1,1498,5,Budget,1,No,No,2,Basic Monitoring
Mahindra,Thar,2023,Petrol,Automatic,4174878,17.1,1997,5,Luxury,3,Yes,Yes,3,Premium Cyber Suite
Hyundai,Creta,2024,Electric,CVT,4690848,262.5,0,6,Luxury,2,Yes,Yes,2,Premium Cyber Suite
Hyundai,Creta,2021,Petrol,Automatic,963654,19.9,1197,6,Budget,2,Yes,Yes,5,OTA Security
Tata,Safari,2026,Hybrid,Manual,1066682,27.5,1497,5,Budget,0,Yes,Yes,0,OTA Security
Honda,Elevate,2021,Electric,Manual,2396407,318,0,6,Midrange,1,Yes,Yes,5,Vulnerability Management
Tata,Harrier,2019,Electric,Automatic,1284461,269.8,0,5,Budget,0,No,No,7,Basic Monitoring
Maruti,Baleno,2026,Petrol,Automatic,2468640,16.2,1498,5,Premium,1,Yes,Yes,0,Vulnerability Management
Tata,Harrier,2019,Electric,CVT,1486042,568.8,0,7,Budget,0,No,No,7,Basic Monitoring
Maruti,Grand Vitara,2024,Diesel,Automatic,1621183,23.5,1498,5,Midrange,1,No,No,2,Basic Monitoring
MG,Astor,2023,Petrol,Manual,2503660,18.6,998,6,Premium,3,No,No,3,OTA Security
Kia,Seltos,2018,Diesel,Automatic,1419005,15.7,1498,6,Midrange,3,Yes,Yes,8,Vulnerability Management
Maruti,Grand Vitara,2025,Diesel,Automatic,1470923,16.4,2184,5,Midrange,2,Yes,Yes,1,Vulnerability Management
Toyota,Hyryder,2023,Electric,Automatic,3114018,414.6,0,7,Premium,1,Yes,Yes,3,Vulnerability Management
MG,Hector,2024,Petrol,Manual,1382166,19.8,1498,5,Midrange,2,No,No,2,Threat Detection
Toyota,Innova,2020,Petrol,Automatic,1381713,14.7,1497,6,Midrange,2,Yes,No,6,OTA Security
Toyota,Hyryder,2020,Hybrid,Automatic,2000237,27.8,2184,5,Midrange,2,No,No,6,OTA Security
Hyundai,Creta,2018,Petrol,CVT,1047008,18.4,2184,5,Budget,0,No,No,8,Basic Monitoring
Toyota,Innova,2019,Petrol,DCT,1734243,17.5,1997,5,Midrange,1,Yes,Yes,7,OTA Security
Mahindra,XUV700,2024,Petrol,DCT,1594473,24.4,1197,5,Midrange,2,Yes,No,2,OTA Security
Mahindra,ScorpioN,2019,Hybrid,Manual,1798899,22.6,1497,6,Midrange,1,No,No,7,Threat Detection
Mahindra,ScorpioN,2018,Electric,DCT,2364311,312,0,7,Midrange,1,Yes,Yes,8,Vulnerability Management
Kia,Carens,2024,Electric,Manual,4750698,352.3,0,5,Luxury,0,No,No,2,Threat Detection
Honda,Amaze,2025,Petrol,CVT,1388636,29.7,998,6,Midrange,1,Yes,Yes,1,OTA Security
Honda,City,2018,Diesel,Automatic,826990,23.8,2184,5,Budget,1,Yes,No,8,Threat Detection
Honda,Amaze,2018,Petrol,DCT,1685163,20.5,1498,5,Midrange,2,Yes,Yes,8,Vulnerability Management
Kia,Carens,2024,Petrol,CVT,2711104,14.4,1497,5,Premium,1,No,No,2,Threat Detection
Toyota,Innova,2022,Petrol,DCT,3844457,27.5,998,5,Luxury,2,No,No,4,OTA Security
Mahindra,XUV700,2021,Petrol,Automatic,1020194,25,2184,5,Budget,1,Yes,Yes,5,OTA Security
Hyundai,Creta,2025,Diesel,Manual,1621160,15.6,2184,5,Midrange,0,No,No,1,Basic Monitoring
Mahindra,XUV700,2019,Petrol,CVT,626213,15.5,1197,6,Budget,2,Yes,Yes,7,OTA Security
Mahindra,ScorpioN,2022,Hybrid,Automatic,2832006,15.6,1197,7,Premium,0,Yes,Yes,4,Vulnerability Management
Toyota,Hyryder,2019,Hybrid,Manual,1068509,27,1497,7,Budget,2,Yes,Yes,7,Vulnerability Management
Maruti,Baleno,2022,Petrol,Manual,1426233,29.4,1497,5,Midrange,1,No,No,4,Basic Monitoring
Mahindra,XUV700,2018,Petrol,Manual,2624977,28.2,1498,5,Premium,2,Yes,Yes,8,Vulnerability Management
Hyundai,Venue,2023,Hybrid,Automatic,4398425,20.1,2184,6,Luxury,1,No,No,3,OTA Security
Honda,Elevate,2022,Hybrid,Manual,4199764,19.4,1498,5,Luxury,1,Yes,Yes,4,Premium Cyber Suite
Maruti,Grand Vitara,2025,Diesel,Manual,2519989,26.2,1498,5,Premium,3,No,No,1,OTA Security
Maruti,Grand Vitara,2018,Diesel,CVT,3879187,19,1197,5,Luxury,2,Yes,Yes,8,Premium Cyber Suite
Honda,City,2018,Diesel,Manual,2747644,25,1498,6,Premium,1,Yes,Yes,8,Vulnerability Management
Mahindra,ScorpioN,2018,Petrol,Manual,4170159,29,1197,6,Luxury,1,Yes,Yes,8,Vulnerability Management
MG,ZS EV,2022,Diesel,Manual,1624261,17.1,2184,5,Midrange,1,Yes,Yes,4,OTA Security
Mahindra,ScorpioN,2025,Petrol,Automatic,1409815,28.2,2184,6,Midrange,3,Yes,No,1,OTA Security
Kia,Carens,2023,Diesel,Manual,666654,28.4,2184,7,Budget,3,Yes,Yes,3,Vulnerability Management
Toyota,Fortuner,2025,Diesel,CVT,1761755,23.2,998,7,Midrange,0,No,No,1,Basic Monitoring
MG,Hector,2022,Petrol,Automatic,1003673,13.1,1197,5,Budget,1,Yes,No,4,Threat Detection
Tata,Harrier,2023,Electric,Automatic,1343003,559.1,0,5,Budget,3,Yes,Yes,3,Premium Cyber Suite
Toyota,Hyryder,2019,Petrol,Manual,2574465,19.6,998,5,Premium,2,Yes,Yes,7,Vulnerability Management
Kia,Seltos,2020,Petrol,Manual,1520947,28.4,1197,6,Midrange,0,No,No,6,Basic Monitoring
Maruti,Baleno,2020,Diesel,CVT,743420,17.1,1997,5,Budget,1,Yes,Yes,6,OTA Security
Honda,City,2019,Petrol,Manual,1374319,21.9,2184,6,Midrange,1,No,No,7,Basic Monitoring
Honda,Elevate,2020,Petrol,CVT,748325,12.7,1997,5,Budget,1,No,No,6,Basic Monitoring
Mahindra,ScorpioN,2019,Electric,Manual,1285659,590.3,0,5,Budget,3,Yes,Yes,7,Premium Cyber Suite
Hyundai,Venue,2023,Hybrid,Automatic,1875083,24.5,1997,5,Midrange,1,No,No,3,Threat Detection
Toyota,Innova,2020,Petrol,DCT,725443,12.4,2184,5,Budget,0,No,No,6,Basic Monitoring
MG,ZS EV,2018,Petrol,Manual,1056383,23.4,1498,5,Budget,0,Yes,Yes,8,Threat Detection
Kia,Sonet,2018,Hybrid,Automatic,1621039,20.8,1497,5,Midrange,1,Yes,Yes,8,Vulnerability Management
Honda,Amaze,2020,Petrol,Manual,929084,21.2,1197,5,Budget,2,Yes,Yes,6,OTA Security
Kia,Sonet,2021,Petrol,Manual,749622,24.1,1498,5,Budget,1,Yes,No,5,Threat Detection
Mahindra,XUV700,2018,Petrol,Manual,3907784,25.5,2184,5,Luxury,1,No,No,8,Threat Detection
Kia,Sonet,2025,Petrol,Automatic,1763670,12.2,1197,5,Midrange,2,Yes,Yes,1,Vulnerability Management
Toyota,Innova,2024,Hybrid,Automatic,1995239,22.1,1497,5,Midrange,0,No,No,2,Basic Monitoring
Hyundai,Verna,2019,Electric,CVT,2349401,405.8,0,7,Midrange,0,Yes,Yes,7,Vulnerability Management
Mahindra,XUV700,2018,Petrol,Automatic,4188941,12.4,998,5,Luxury,3,Yes,Yes,8,Premium Cyber Suite
Kia,Seltos,2022,Diesel,DCT,4279496,25.4,2184,5,Luxury,1,No,No,4,Threat Detection
MG,ZS EV,2018,Petrol,Automatic,1764749,24.7,1498,5,Midrange,2,Yes,Yes,8,Vulnerability Management
Mahindra,XUV700,2019,Petrol,Automatic,826748,22.4,998,5,Budget,2,Yes,No,7,Threat Detection
Kia,Carens,2022,Hybrid,Manual,1251924,16.2,1498,5,Budget,1,No,No,4,Threat Detection
Tata,Safari,2024,Diesel,Automatic,2675164,22.8,1498,6,Premium,2,Yes,Yes,2,Vulnerability Management
Mahindra,ScorpioN,2023,Hybrid,Automatic,1935184,20.4,1497,5,Midrange,1,Yes,Yes,3,Vulnerability Management
Mahindra,Thar,2025,Hybrid,Automatic,4145322,18,1497,6,Luxury,2,No,No,1,OTA Security
MG,Astor,2020,Electric,Manual,4727712,510.7,0,7,Luxury,0,Yes,Yes,6,Vulnerability Management
Mahindra,XUV700,2024,Petrol,Automatic,862869,22.4,1497,7,Budget,1,No,No,2,Basic Monitoring
Mahindra,Thar,2021,Hybrid,CVT,1770649,21.9,1498,7,Midrange,2,No,No,5,Threat Detection
Maruti,Brezza,2023,Hybrid,Automatic,4218391,28.1,1197,5,Luxury,2,Yes,No,3,Vulnerability Management
Hyundai,Venue,2020,Electric,Automatic,2296257,439.7,0,5,Midrange,1,No,No,6,Threat Detection
Toyota,Fortuner,2018,Petrol,Manual,1006883,14.1,1497,6,Budget,2,Yes,Yes,8,OTA Security
Tata,Safari,2022,Petrol,Automatic,1624669,12.8,1498,5,Midrange,2,Yes,Yes,4,Vulnerability Management
MG,Hector,2023,Petrol,Automatic,2501198,19.6,1997,7,Premium,2,No,No,3,Threat Detection
Honda,Amaze,2025,Electric,Automatic,4797960,279,0,5,Luxury,3,Yes,Yes,1,Premium Cyber Suite
MG,Hector,2023,Petrol,DCT,762431,20.1,1997,6,Budget,2,No,No,3,Basic Monitoring
Hyundai,Creta,2020,Diesel,Automatic,865444,20.3,2184,7,Budget,1,No,No,6,Basic Monitoring
Maruti,Baleno,2018,Petrol,Manual,1391183,17.2,1497,6,Midrange,3,Yes,Yes,8,Vulnerability Management
Hyundai,Verna,2020,Electric,Manual,2030570,532.4,0,5,Midrange,0,No,No,6,Threat Detection
Maruti,Brezza,2022,Petrol,Manual,1743305,26.6,998,5,Midrange,1,No,No,4,Basic Monitoring
Mahindra,XUV700,2020,Hybrid,DCT,1829689,19.7,2184,7,Midrange,1,No,No,6,Threat Detection
Honda,Amaze,2026,Petrol,Automatic,892176,27.8,2184,5,Budget,2,Yes,Yes,0,OTA Security
MG,Hector,2026,Electric,DCT,2963444,318.8,0,7,Premium,0,Yes,Yes,0,Vulnerability Management
Honda,Amaze,2022,Diesel,DCT,1605198,16.2,1197,5,Midrange,1,No,No,4,Basic Monitoring
Mahindra,Thar,2024,Petrol,Manual,2359114,17.5,1197,5,Premium,1,Yes,Yes,2,Vulnerability Management
Toyota,Innova,2021,Petrol,Automatic,1351929,23.3,998,5,Midrange,0,No,No,5,Basic Monitoring
Mahindra,Thar,2020,Electric,Manual,1938058,543.9,0,5,Midrange,2,Yes,Yes,6,Vulnerability Management
Toyota,Innova,2024,Petrol,Automatic,2709275,18.7,1498,7,Premium,1,Yes,Yes,2,Vulnerability Management
Toyota,Hyryder,2020,Diesel,DCT,1513139,14.8,1997,7,Midrange,2,No,No,6,Threat Detection
Kia,Sonet,2019,Diesel,Manual,644481,25.9,998,5,Budget,2,No,No,7,Basic Monitoring
Kia,Sonet,2022,Diesel,CVT,3959119,27.4,1498,7,Luxury,2,Yes,No,4,Vulnerability Management
MG,Hector,2026,Electric,Automatic,2200935,591.3,0,7,Midrange,0,Yes,Yes,0,Vulnerability Management
Hyundai,Venue,2022,Electric,CVT,2019454,567.5,0,7,Midrange,1,No,No,4,Threat Detection
Toyota,Innova,2022,Petrol,Manual,1446025,25.8,1197,5,Midrange,1,Yes,Yes,4,OTA Security
Toyota,Hyryder,2023,Hybrid,Automatic,1142583,27.8,2184,5,Budget,2,Yes,Yes,3,Vulnerability Management
Toyota,Hyryder,2023,Petrol,Automatic,1428782,28.8,1498,7,Midrange,1,No,No,3,Basic Monitoring
Honda,City,2022,Diesel,Manual,4226306,26.6,1497,6,Luxury,2,Yes,Yes,4,Premium Cyber Suite
MG,Astor,2022,Diesel,Automatic,824241,19.9,1497,5,Budget,2,Yes,Yes,4,OTA Security
Mahindra,XUV700,2019,Petrol,CVT,1044163,14.3,998,6,Budget,0,Yes,Yes,7,Threat Detection
Toyota,Fortuner,2018,Petrol,Manual,1445318,22.9,1497,7,Midrange,1,Yes,Yes,8,OTA Security
Honda,City,2020,Petrol,Automatic,2390094,15.7,1997,5,Premium,2,No,No,6,Threat Detection
Mahindra,XUV700,2022,Electric,Manual,1413071,310.7,0,5,Budget,1,Yes,Yes,4,Vulnerability Management
Kia,Seltos,2018,Petrol,Manual,1614424,27.3,1498,6,Midrange,2,Yes,Yes,8,Vulnerability Management
MG,ZS EV,2024,Electric,CVT,1601109,422,0,7,Budget,1,No,No,2,Threat Detection
Honda,Elevate,2018,Diesel,Automatic,2618008,27.1,2184,6,Premium,1,Yes,Yes,8,Vulnerability Management
Mahindra,ScorpioN,2021,Petrol,Automatic,974831,20.5,998,7,Budget,1,Yes,Yes,5,OTA Security
Toyota,Hyryder,2019,Diesel,CVT,1480975,20,1498,5,Midrange,1,Yes,Yes,7,OTA Security
Maruti,Grand Vitara,2023,Petrol,Automatic,4050887,21.3,1997,5,Luxury,0,Yes,Yes,3,Vulnerability Management
Tata,Harrier,2023,Petrol,Manual,2383232,12.9,998,7,Premium,0,No,No,3,Basic Monitoring
Kia,Sonet,2020,Petrol,CVT,1080228,15,998,5,Budget,0,No,No,6,Basic Monitoring
Hyundai,Verna,2018,Diesel,CVT,2754456,29,1197,5,Premium,3,Yes,Yes,8,Premium Cyber Suite
Tata,Nexon,2019,Petrol,Manual,2393706,22,1497,5,Premium,1,No,No,7,Threat Detection
Mahindra,Thar,2020,Petrol,Manual,2701787,21,998,6,Premium,1,No,No,6,Threat Detection
Mahindra,XUV700,2018,Diesel,CVT,919275,16.4,1197,5,Budget,2,Yes,Yes,8,OTA Security
Toyota,Fortuner,2018,Petrol,Automatic,841577,21.9,2184,6,Budget,1,Yes,Yes,8,OTA Security
MG,Astor,2026,Petrol,Automatic,2692871,15,1498,5,Premium,1,Yes,No,0,OTA Security
Tata,Nexon,2019,Diesel,Automatic,916877,12.4,1498,5,Budget,3,Yes,Yes,7,Vulnerability Management
Tata,Nexon,2024,Hybrid,CVT,1909555,23.7,1497,6,Midrange,2,No,No,2,Threat Detection
Toyota,Fortuner,2018,Electric,DCT,1409316,412.2,0,6,Budget,1,Yes,No,8,OTA Security
Tata,Nexon,2020,Electric,DCT,1227849,560.5,0,6,Budget,1,No,No,6,Threat Detection
Hyundai,Verna,2022,Petrol,Automatic,1789673,13.2,1497,5,Midrange,3,No,No,4,Threat Detection
Kia,Carens,2020,Petrol,Manual,2594434,21.4,998,6,Premium,1,Yes,Yes,6,Vulnerability Management
Maruti,Grand Vitara,2025,Petrol,Manual,1720072,20.8,1997,5,Midrange,1,Yes,Yes,1,OTA Security
Hyundai,Creta,2024,Petrol,Automatic,2633030,13.7,1498,5,Premium,1,Yes,No,2,OTA Security
Maruti,Brezza,2018,Petrol,Manual,819349,14.7,1997,7,Budget,2,Yes,No,8,Threat Detection
Kia,Seltos,2018,Electric,Manual,1581282,593.4,0,6,Budget,1,Yes,Yes,8,Vulnerability Management
Hyundai,Creta,2025,Electric,Manual,3095096,340.3,0,7,Premium,3,No,No,1,OTA Security
Honda,Amaze,2023,Diesel,Automatic,2609214,28.1,1197,5,Premium,1,Yes,Yes,3,Vulnerability Management
Maruti,Grand Vitara,2022,Petrol,Automatic,1679729,26.4,1497,5,Midrange,3,Yes,Yes,4,Vulnerability Management
Mahindra,Thar,2021,Electric,Manual,4643451,494.1,0,7,Luxury,3,No,No,5,Vulnerability Management
Honda,Elevate,2024,Diesel,Manual,685168,23.9,1497,5,Budget,2,No,No,2,Basic Monitoring
Maruti,Grand Vitara,2024,Petrol,Automatic,1091569,30,1498,7,Budget,1,Yes,Yes,2,OTA Security
Toyota,Innova,2024,Electric,Manual,1986452,457.7,0,5,Midrange,1,No,No,2,Threat Detection
Hyundai,Creta,2019,Hybrid,Manual,1858289,26.3,2184,5,Midrange,3,No,No,7,OTA Security
Tata,Nexon,2025,Petrol,Manual,3992291,24.6,2184,7,Luxury,2,No,No,1,OTA Security
Hyundai,Creta,2020,Electric,Manual,1505588,572.9,0,5,Budget,0,Yes,Yes,6,OTA Security
Maruti,Grand Vitara,2019,Petrol,Manual,2337582,22.9,1497,5,Premium,2,Yes,Yes,7,Vulnerability Management
Hyundai,Venue,2021,Hybrid,Manual,2948656,20.1,1997,5,Premium,0,No,No,5,Threat Detection
Kia,Carens,2024,Diesel,DCT,2744136,14.7,1197,5,Premium,1,Yes,Yes,2,Vulnerability Management
Hyundai,Creta,2019,Petrol,DCT,978939,24.4,1997,5,Budget,0,No,No,7,Basic Monitoring
MG,Hector,2024,Petrol,Automatic,4089470,28.1,2184,5,Luxury,2,Yes,Yes,2,Premium Cyber Suite
Honda,City,2024,Petrol,Manual,1047253,20.3,1498,5,Budget,2,Yes,No,2,Threat Detection
MG,ZS EV,2023,Hybrid,Automatic,2079982,15.3,1197,5,Midrange,2,No,No,3,OTA Security
Maruti,Brezza,2025,Electric,Manual,1273579,585,0,5,Budget,1,No,No,1,Threat Detection
Mahindra,ScorpioN,2018,Hybrid,Automatic,3019539,25.9,1997,5,Premium,2,Yes,Yes,8,Premium Cyber Suite
Toyota,Fortuner,2023,Hybrid,CVT,2743364,29.9,1997,7,Premium,1,No,No,3,Threat Detection
Toyota,Innova,2018,Diesel,Automatic,1582482,12.3,1997,5,Midrange,3,Yes,Yes,8,Vulnerability Management
MG,Hector,2025,Electric,Automatic,1365244,562,0,5,Budget,2,Yes,Yes,1,Vulnerability Management
Toyota,Hyryder,2022,Petrol,Manual,716287,19.7,998,5,Budget,3,Yes,Yes,4,Vulnerability Management
Maruti,Brezza,2026,Electric,Automatic,3313135,267.9,0,7,Premium,1,No,No,0,Threat Detection
Toyota,Hyryder,2026,Petrol,Manual,803961,15.6,2184,6,Budget,2,Yes,Yes,0,OTA Security
Hyundai,Venue,2021,Electric,Manual,1592906,340,0,5,Budget,2,Yes,Yes,5,Vulnerability Management
Maruti,Brezza,2020,Petrol,CVT,884331,14.8,998,5,Budget,2,Yes,Yes,6,OTA Security
Toyota,Fortuner,2022,Electric,Manual,1963669,437.1,0,7,Midrange,1,No,No,4,Threat Detection
Hyundai,Venue,2022,Hybrid,Automatic,992483,25.1,1997,5,Budget,1,Yes,No,4,Threat Detection
Hyundai,Creta,2020,Petrol,Automatic,1401801,23.4,998,5,Midrange,1,No,No,6,Basic Monitoring
Maruti,Grand Vitara,2019,Electric,CVT,1987830,520.7,0,5,Midrange,0,No,No,7,Basic Monitoring
Toyota,Hyryder,2025,Diesel,Automatic,1493394,12.1,1497,5,Midrange,0,Yes,Yes,1,OTA Security
Honda,Amaze,2023,Diesel,CVT,4251939,21.4,998,7,Luxury,1,Yes,Yes,3,Vulnerability Management
Mahindra,ScorpioN,2025,Diesel,Automatic,2362785,17.7,1497,7,Premium,2,Yes,No,1,OTA Security
Maruti,Grand Vitara,2018,Electric,Manual,1971785,599.7,0,5,Midrange,2,No,No,8,Threat Detection
Honda,Elevate,2019,Electric,Automatic,2287254,364.7,0,5,Midrange,1,Yes,No,7,OTA Security
Mahindra,Thar,2019,Petrol,Manual,774999,22.5,998,5,Budget,1,Yes,Yes,7,OTA Security
Tata,Harrier,2022,Electric,Automatic,2350495,577.3,0,7,Midrange,0,No,No,4,Threat Detection
Kia,Carens,2022,Petrol,Automatic,3963521,16.8,998,5,Luxury,3,Yes,Yes,4,Premium Cyber Suite
Hyundai,Creta,2018,Petrol,Automatic,1489335,28.9,1197,5,Midrange,1,Yes,Yes,8,OTA Security
Honda,City,2020,Diesel,Automatic,2630741,14.3,2184,7,Premium,2,Yes,Yes,6,Vulnerability Management
Toyota,Innova,2018,Hybrid,CVT,1982652,13.1,1197,7,Midrange,2,Yes,Yes,8,Vulnerability Management
Maruti,Brezza,2026,Petrol,Manual,4015767,27.4,998,6,Luxury,3,Yes,Yes,0,Premium Cyber Suite
Kia,Carens,2025,Petrol,Manual,1691530,23.5,998,5,Midrange,1,Yes,Yes,1,OTA Security
Mahindra,Thar,2018,Petrol,Manual,637853,29.3,1997,5,Budget,2,Yes,Yes,8,OTA Security
Toyota,Hyryder,2019,Electric,Manual,1308178,293.1,0,5,Budget,1,Yes,Yes,7,Vulnerability Management
Honda,Elevate,2024,Hybrid,Automatic,1705669,15.4,2184,5,Midrange,3,Yes,Yes,2,Premium Cyber Suite
MG,Hector,2022,Diesel,Manual,1383154,13.1,1498,7,Midrange,0,No,No,4,Basic Monitoring
Kia,Seltos,2024,Petrol,Manual,692830,21.5,1997,6,Budget,1,Yes,Yes,2,OTA Security
Honda,Elevate,2021,Diesel,Automatic,849998,19.9,1197,5,Budget,3,Yes,Yes,5,Vulnerability Management
Toyota,Hyryder,2025,Petrol,DCT,1636534,21.4,2184,5,Midrange,3,Yes,Yes,1,Vulnerability Management
Kia,Carens,2026,Hybrid,Automatic,1197353,16.5,1197,7,Budget,3,Yes,No,0,OTA Security
Mahindra,Thar,2025,Electric,Manual,4571639,396.9,0,5,Luxury,2,No,No,1,OTA Security
Tata,Harrier,2021,Petrol,Automatic,2522743,22.6,2184,6,Premium,1,No,No,5,Threat Detection
Honda,City,2024,Diesel,Manual,624014,21.6,1498,5,Budget,3,Yes,Yes,2,Vulnerability Management
Maruti,Baleno,2018,Hybrid,Manual,2721270,21.6,2184,5,Premium,1,Yes,Yes,8,Vulnerability Management
Hyundai,Verna,2026,Diesel,Manual,2414541,22.6,998,5,Premium,1,Yes,Yes,0,Vulnerability Management
MG,ZS EV,2019,Petrol,Manual,1022269,25.4,1197,5,Budget,1,No,No,7,Basic Monitoring
MG,Astor,2022,Diesel,Automatic,1303332,26.3,1497,5,Midrange,3,Yes,No,4,OTA Security
Hyundai,Verna,2021,Electric,Manual,2082954,307.5,0,5,Midrange,3,Yes,Yes,5,Premium Cyber Suite
Tata,Safari,2022,Petrol,CVT,623700,14.4,1498,5,Budget,2,Yes,Yes,4,OTA Security
MG,ZS EV,2020,Petrol,Automatic,2492226,17.4,2184,6,Premium,2,No,No,6,Threat Detection
Mahindra,Thar,2019,Electric,Manual,1989849,489.6,0,6,Midrange,1,No,No,7,Threat Detection
Hyundai,Creta,2020,Petrol,Manual,720196,24.8,2184,7,Budget,2,Yes,Yes,6,OTA Security
Honda,Elevate,2020,Electric,Automatic,2013029,528.2,0,5,Midrange,3,Yes,Yes,6,Premium Cyber Suite
Honda,Elevate,2021,Electric,CVT,3002901,574.5,0,7,Premium,1,Yes,Yes,5,Vulnerability Management
Hyundai,Verna,2020,Electric,Manual,3397844,477.4,0,5,Premium,3,Yes,Yes,6,Premium Cyber Suite
Tata,Safari,2020,Diesel,Manual,1076054,21.8,998,5,Budget,0,No,No,6,Basic Monitoring
Hyundai,Venue,2026,Diesel,Manual,1371397,27.1,1197,5,Midrange,2,Yes,Yes,0,Vulnerability Management
Hyundai,Verna,2020,Diesel,Manual,2586642,20.3,2184,5,Premium,0,No,No,6,Basic Monitoring
Honda,City,2018,Hybrid,CVT,2962221,12.5,1497,5,Premium,0,No,No,8,Threat Detection
Hyundai,Creta,2021,Diesel,CVT,1768867,25.5,1997,5,Midrange,1,Yes,Yes,5,OTA Security
Mahindra,ScorpioN,2023,Petrol,Manual,4138484,21.8,1197,7,Luxury,1,Yes,Yes,3,Vulnerability Management
MG,Hector,2025,Diesel,CVT,1032200,17.7,1498,5,Budget,2,Yes,Yes,1,OTA Security
Maruti,Grand Vitara,2018,Petrol,Manual,1764410,18.5,1997,5,Midrange,1,Yes,Yes,8,OTA Security
Mahindra,ScorpioN,2024,Diesel,Manual,741248,18.7,998,5,Budget,1,No,No,2,Basic Monitoring
Kia,Seltos,2024,Hybrid,Automatic,1146294,27.4,1997,6,Budget,0,Yes,Yes,2,OTA Security
Honda,City,2026,Petrol,Manual,624634,16.6,1997,5,Budget,3,No,No,0,Threat Detection
Tata,Harrier,2022,Electric,Automatic,2148324,430.5,0,6,Midrange,1,No,No,4,Threat Detection
Toyota,Hyryder,2019,Petrol,Manual,1374187,15.1,1997,5,Midrange,2,Yes,Yes,7,Vulnerability Management
Maruti,Grand Vitara,2020,Petrol,CVT,2368425,21.5,1197,5,Premium,1,No,No,6,Threat Detection
Kia,Sonet,2019,Diesel,Manual,1795689,25.5,1497,5,Midrange,3,Yes,Yes,7,Vulnerability Management
Mahindra,ScorpioN,2021,Hybrid,Automatic,1698018,28.4,998,5,Midrange,1,No,No,5,Threat Detection
MG,Hector,2022,Diesel,Manual,901837,12.4,1197,5,Budget,3,Yes,No,4,OTA Security
Honda,City,2026,Hybrid,Automatic,2744406,20.4,2184,5,Premium,1,No,No,0,Threat Detection
Honda,City,2022,Hybrid,Manual,2725208,26.8,1197,7,Premium,1,Yes,No,4,OTA Security
Kia,Carens,2023,Electric,Manual,3322945,459.9,0,7,Premium,0,Yes,Yes,3,Vulnerability Management
MG,Astor,2019,Diesel,Automatic,911069,20.9,1197,6,Budget,0,No,No,7,Basic Monitoring
Honda,City,2018,Electric,CVT,2943969,515.4,0,5,Premium,3,Yes,Yes,8,Premium Cyber Suite
Maruti,Brezza,2025,Electric,CVT,3277637,253.7,0,5,Premium,3,No,No,1,OTA Security
Toyota,Fortuner,2018,Diesel,Manual,1588222,28.6,1197,6,Midrange,0,No,No,8,Basic Monitoring
Honda,Elevate,2025,Petrol,Manual,3862757,28.5,1997,5,Luxury,3,No,No,1,OTA Security
Maruti,Grand Vitara,2023,Petrol,Manual,1337178,23.5,1997,5,Midrange,2,No,No,3,Threat Detection
Hyundai,Verna,2022,Petrol,Automatic,1739387,15.5,2184,5,Midrange,0,Yes,No,4,Threat Detection
Toyota,Hyryder,2026,Petrol,Manual,777049,24.5,2184,5,Budget,1,Yes,No,0,Threat Detection
Mahindra,Thar,2026,Diesel,Automatic,2630552,16.3,1498,6,Premium,0,No,No,0,Basic Monitoring
Maruti,Baleno,2018,Diesel,Manual,2523617,15.5,998,7,Premium,2,Yes,Yes,8,Vulnerability Management
Toyota,Innova,2024,Petrol,Automatic,2699893,17.8,2184,5,Premium,0,Yes,Yes,2,OTA Security
Hyundai,Creta,2021,Petrol,Manual,825335,20.7,1498,6,Budget,1,Yes,Yes,5,OTA Security
Mahindra,Thar,2021,Electric,CVT,1221150,527.8,0,6,Budget,0,Yes,Yes,5,OTA Security
Toyota,Innova,2022,Petrol,CVT,4186221,16.2,1497,7,Luxury,3,Yes,Yes,4,Premium Cyber Suite
Hyundai,Creta,2019,Hybrid,Automatic,1917551,22.5,998,5,Midrange,2,Yes,No,7,OTA Security
Kia,Carens,2020,Electric,Automatic,2033821,497.2,0,7,Midrange,2,Yes,Yes,6,Premium Cyber Suite
Maruti,Baleno,2024,Electric,Automatic,3236461,487.4,0,6,Premium,2,Yes,Yes,2,Premium Cyber Suite
Hyundai,Verna,2022,Petrol,CVT,1633854,13.9,998,7,Midrange,3,Yes,Yes,4,Vulnerability Management
Kia,Carens,2021,Electric,CVT,1639975,353.1,0,5,Budget,2,No,No,5,Threat Detection
Maruti,Grand Vitara,2026,Electric,Manual,1912038,291.2,0,6,Midrange,3,Yes,Yes,0,Premium Cyber Suite
Tata,Safari,2025,Petrol,Manual,1679794,17.9,2184,7,Midrange,1,No,No,1,Basic Monitoring
Honda,Amaze,2021,Electric,Automatic,2194205,593.3,0,5,Midrange,2,No,No,5,OTA Security
Honda,Elevate,2019,Electric,DCT,2127618,547.1,0,5,Midrange,1,No,No,7,Threat Detection
Maruti,Baleno,2023,Diesel,Manual,1349019,19.3,998,5,Midrange,2,Yes,Yes,3,Vulnerability Management
Tata,Safari,2025,Electric,Manual,3362572,450,0,5,Premium,0,Yes,Yes,1,Vulnerability Management
Kia,Seltos,2022,Petrol,Manual,1705350,23.3,998,5,Midrange,1,No,No,4,Basic Monitoring
Mahindra,ScorpioN,2021,Petrol,Automatic,1614778,13.1,998,5,Midrange,1,No,No,5,Basic Monitoring
Maruti,Baleno,2021,Petrol,Automatic,2475553,12.5,998,6,Premium,2,No,No,5,Threat Detection
Tata,Safari,2022,Petrol,Automatic,986783,27.5,1997,5,Budget,1,Yes,Yes,4,OTA Security
MG,Astor,2024,Diesel,Manual,1634235,20,1497,6,Midrange,1,Yes,Yes,2,OTA Security
Mahindra,XUV700,2025,Electric,Automatic,3115821,444.4,0,5,Premium,2,Yes,Yes,1,Premium Cyber Suite
MG,Astor,2025,Electric,DCT,4696443,342.2,0,6,Luxury,2,Yes,Yes,1,Premium Cyber Suite
Kia,Seltos,2021,Petrol,Automatic,669555,15.1,1497,6,Budget,3,Yes,Yes,5,Vulnerability Management
Hyundai,Venue,2026,Electric,Automatic,1671394,307.2,0,6,Budget,3,Yes,Yes,0,Premium Cyber Suite
Hyundai,Creta,2024,Petrol,Automatic,1369392,29.6,1498,5,Midrange,1,No,No,2,Basic Monitoring
Toyota,Fortuner,2025,Petrol,Automatic,738725,15,1997,5,Budget,2,No,No,1,Basic Monitoring
Tata,Nexon,2024,Petrol,Manual,2526051,16.3,1197,5,Premium,1,No,No,2,Threat Detection
Hyundai,Venue,2025,Diesel,DCT,4188453,15.1,1197,5,Luxury,2,No,No,1,OTA Security
Tata,Nexon,2019,Electric,CVT,2333755,341.4,0,6,Midrange,0,No,No,7,Threat Detection
Mahindra,Thar,2026,Petrol,CVT,2660070,26.9,1997,5,Premium,2,Yes,Yes,0,Vulnerability Management
Hyundai,Verna,2020,Diesel,DCT,1477456,29.3,998,6,Midrange,1,No,No,6,Basic Monitoring
Maruti,Grand Vitara,2019,Diesel,Automatic,1791884,21.3,1197,5,Midrange,1,No,No,7,Basic Monitoring
Honda,City,2024,Diesel,Manual,2394607,13.6,1498,5,Premium,1,Yes,Yes,2,Vulnerability Management
Tata,Harrier,2026,Electric,DCT,2112302,433,0,5,Midrange,2,No,No,0,OTA Security
Hyundai,Verna,2020,Petrol,Automatic,1611516,24.3,1197,6,Midrange,3,Yes,Yes,6,Vulnerability Management
Kia,Carens,2018,Electric,Manual,4846102,505.4,0,7,Luxury,1,Yes,Yes,8,Premium Cyber Suite
Maruti,Baleno,2022,Diesel,Manual,1062679,23,1997,5,Budget,2,No,No,4,Basic Monitoring
Hyundai,Venue,2023,Diesel,Automatic,1724809,13.6,1197,5,Midrange,2,Yes,Yes,3,Vulnerability Management
Maruti,Grand Vitara,2024,Diesel,Automatic,3897916,16.9,998,7,Luxury,0,No,No,2,Threat Detection
Hyundai,Verna,2025,Diesel,Automatic,1378599,21,1197,5,Midrange,3,Yes,Yes,1,Vulnerability Management
Honda,Amaze,2021,Diesel,Automatic,2578994,19.2,1197,5,Premium,1,No,No,5,Threat Detection
Honda,City,2022,Electric,Automatic,3296134,490,0,7,Premium,3,Yes,Yes,4,Premium Cyber Suite
Tata,Nexon,2019,Petrol,CVT,991366,28.8,1498,6,Budget,1,Yes,Yes,7,OTA Security
Maruti,Brezza,2020,Petrol,CVT,934653,24.3,2184,7,Budget,1,No,No,6,Basic Monitoring
Kia,Sonet,2021,Electric,Manual,4884322,341.3,0,5,Luxury,2,Yes,Yes,5,Premium Cyber Suite
Mahindra,Thar,2023,Hybrid,DCT,1395464,19.3,1997,5,Budget,1,Yes,Yes,3,Vulnerability Management
Toyota,Innova,2026,Diesel,Automatic,1051123,19,1497,5,Budget,3,Yes,Yes,0,Vulnerability Management
MG,Astor,2022,Electric,DCT,1908195,520.6,0,5,Midrange,2,No,No,4,Threat Detection
Kia,Seltos,2018,Petrol,Automatic,954118,13.3,998,6,Budget,3,No,No,8,Threat Detection
MG,ZS EV,2018,Petrol,CVT,1423741,15.8,1497,5,Midrange,1,Yes,No,8,Threat Detection
Honda,Elevate,2025,Petrol,CVT,713558,26.7,1498,7,Budget,2,Yes,No,1,Threat Detection
Hyundai,Creta,2024,Diesel,Manual,925462,24.5,2184,5,Budget,1,No,No,2,Basic Monitoring
Kia,Seltos,2018,Hybrid,Manual,1877459,20.5,998,7,Midrange,3,Yes,Yes,8,Premium Cyber Suite
Mahindra,ScorpioN,2018,Petrol,Manual,2576186,19.2,1197,5,Premium,2,No,No,8,Threat Detection
Maruti,Grand Vitara,2018,Electric,CVT,2117848,354.5,0,5,Midrange,2,Yes,Yes,8,Premium Cyber Suite
Mahindra,ScorpioN,2023,Diesel,DCT,2446598,29.4,1497,7,Premium,1,Yes,Yes,3,Vulnerability Management
Kia,Seltos,2026,Petrol,DCT,3843504,14.5,998,5,Luxury,2,Yes,Yes,0,Premium Cyber Suite
Tata,Nexon,2022,Petrol,Manual,1421681,26.9,998,5,Midrange,0,Yes,Yes,4,OTA Security
Honda,City,2021,Petrol,Manual,707002,24.3,1497,5,Budget,2,Yes,Yes,5,OTA Security
Kia,Carens,2026,Diesel,Automatic,1675776,29.8,1197,6,Midrange,1,Yes,No,0,Threat Detection
MG,Astor,2025,Hybrid,Manual,1991590,21.3,2184,5,Midrange,0,No,No,1,Basic Monitoring
Honda,Elevate,2021,Electric,Manual,1626543,535.7,0,5,Budget,0,No,No,5,Basic Monitoring
Toyota,Fortuner,2020,Petrol,Manual,2303714,25.3,998,7,Premium,2,Yes,Yes,6,Vulnerability Management
Toyota,Innova,2022,Diesel,Manual,1480883,21.3,998,6,Midrange,0,Yes,Yes,4,OTA Security
Mahindra,XUV700,2023,Diesel,Manual,2490414,14.8,1997,5,Premium,2,Yes,Yes,3,Vulnerability Management
Honda,City,2019,Diesel,CVT,1537803,16.3,998,6,Midrange,1,No,No,7,Basic Monitoring
Tata,Safari,2020,Hybrid,DCT,1692038,15.6,2184,5,Midrange,0,No,No,6,Basic Monitoring
Mahindra,XUV700,2023,Petrol,Manual,4276914,27.9,998,6,Luxury,2,No,No,3,OTA Security
Honda,Amaze,2019,Diesel,Manual,1423970,29.4,1997,7,Midrange,3,Yes,Yes,7,Vulnerability Management
Toyota,Innova,2026,Electric,Manual,1579996,558.9,0,5,Budget,2,No,No,0,Threat Detection
Mahindra,ScorpioN,2022,Petrol,Manual,1753736,25.9,1997,5,Midrange,1,No,No,4,Basic Monitoring
Mahindra,ScorpioN,2025,Petrol,Automatic,1384981,20.4,1997,6,Midrange,0,Yes,No,1,Threat Detection
Hyundai,Creta,2025,Hybrid,CVT,1398721,16.4,1197,5,Budget,2,No,No,1,Threat Detection
Hyundai,Creta,2023,Petrol,CVT,2587299,25.7,1498,7,Premium,0,Yes,Yes,3,OTA Security
MG,Astor,2026,Diesel,Automatic,1410407,27.8,2184,7,Midrange,2,No,No,0,Threat Detection
Honda,City,2021,Diesel,Automatic,1039277,12.7,998,5,Budget,3,Yes,No,5,OTA Security
Kia,Seltos,2024,Diesel,CVT,2600863,27.7,1197,7,Premium,1,Yes,Yes,2,Vulnerability Management
Hyundai,Creta,2020,Diesel,Manual,4293788,17.5,1498,5,Luxury,2,Yes,Yes,6,Premium Cyber Suite
Toyota,Fortuner,2021,Electric,Automatic,4443331,282.5,0,5,Luxury,1,No,No,5,OTA Security
Mahindra,ScorpioN,2018,Diesel,Automatic,682525,24.6,1498,6,Budget,0,No,No,8,Basic Monitoring
MG,Astor,2020,Petrol,Automatic,2346785,13.9,1197,5,Premium,0,No,No,6,Basic Monitoring
Hyundai,Verna,2018,Diesel,Automatic,1785244,28.7,2184,5,Midrange,1,Yes,Yes,8,OTA Security
Tata,Harrier,2021,Diesel,Manual,1646206,24,1497,7,Midrange,0,No,No,5,Basic Monitoring
Hyundai,Creta,2022,Petrol,Manual,892755,18.1,998,7,Budget,2,Yes,Yes,4,OTA Security
Honda,City,2020,Diesel,Automatic,1031613,18.6,1497,6,Budget,2,No,No,6,Basic Monitoring
Hyundai,Verna,2018,Electric,Manual,2212581,454.2,0,5,Midrange,1,No,No,8,Threat Detection
Hyundai,Creta,2025,Petrol,Manual,1488227,19,1197,5,Midrange,1,No,No,1,Basic Monitoring
Tata,Harrier,2019,Electric,CVT,1452629,306.7,0,5,Budget,3,Yes,Yes,7,Premium Cyber Suite
MG,Hector,2018,Petrol,Automatic,1678298,12.4,1197,5,Midrange,3,Yes,No,8,OTA Security
Mahindra,ScorpioN,2026,Hybrid,DCT,1736871,23.4,998,5,Midrange,3,Yes,No,0,Vulnerability Management
Kia,Seltos,2021,Petrol,Manual,1774531,23.5,1497,6,Midrange,1,Yes,No,5,Threat Detection
Kia,Carens,2019,Petrol,Automatic,2482469,16.4,1498,5,Premium,1,Yes,Yes,7,Vulnerability Management
Mahindra,ScorpioN,2025,Diesel,Manual,1703259,14.2,1197,5,Midrange,0,No,No,1,Basic Monitoring
Maruti,Baleno,2021,Petrol,Automatic,2347175,12.2,998,5,Premium,1,Yes,Yes,5,Vulnerability Management
MG,ZS EV,2020,Diesel,CVT,779683,12.8,1498,5,Budget,2,Yes,Yes,6,OTA Security
Toyota,Fortuner,2025,Hybrid,Manual,4526244,17,1497,5,Luxury,3,Yes,Yes,1,Premium Cyber Suite
Maruti,Brezza,2019,Hybrid,Manual,1695276,24.2,1498,6,Midrange,1,No,No,7,Threat Detection
Maruti,Baleno,2022,Diesel,Manual,1474987,27.7,1197,7,Midrange,0,No,No,4,Basic Monitoring
Maruti,Brezza,2025,Electric,CVT,3129013,433.6,0,5,Premium,2,Yes,Yes,1,Premium Cyber Suite
MG,ZS EV,2018,Petrol,Manual,1352516,25.6,998,5,Midrange,1,Yes,Yes,8,OTA Security
MG,Astor,2025,Hybrid,Manual,910301,25.8,1997,5,Budget,2,Yes,Yes,1,Vulnerability Management
Kia,Carens,2018,Petrol,Automatic,2466024,21,1997,5,Premium,2,Yes,Yes,8,Vulnerability Management
MG,Hector,2026,Electric,Automatic,2004157,395.1,0,7,Midrange,1,Yes,Yes,0,Vulnerability Management
Kia,Seltos,2024,Electric,DCT,1454256,343.2,0,5,Budget,1,Yes,Yes,2,Vulnerability Management
Mahindra,ScorpioN,2024,Petrol,Automatic,4151132,14.1,1997,6,Luxury,2,Yes,Yes,2,Premium Cyber Suite
Tata,Nexon,2022,Petrol,Automatic,4146199,20.3,1997,5,Luxury,0,Yes,Yes,4,Vulnerability Management
Hyundai,Creta,2024,Petrol,Manual,1314380,16.7,1997,5,Midrange,2,No,No,2,Threat Detection
Toyota,Innova,2026,Diesel,CVT,2535185,13.5,1498,5,Premium,3,No,No,0,OTA Security
Kia,Carens,2026,Petrol,CVT,886585,17.5,1197,5,Budget,3,No,No,0,Threat Detection
Hyundai,Venue,2023,Diesel,Automatic,830872,21.7,998,5,Budget,3,Yes,No,3,OTA Security
Kia,Carens,2018,Diesel,Manual,1734535,18.8,998,5,Midrange,2,No,No,8,Threat Detection
Maruti,Brezza,2019,Electric,Automatic,2328417,460,0,6,Midrange,2,No,No,7,OTA Security
Mahindra,ScorpioN,2024,Diesel,DCT,4050156,18.4,2184,5,Luxury,2,Yes,Yes,2,Premium Cyber Suite
Kia,Seltos,2024,Petrol,Automatic,1589327,28.1,2184,7,Midrange,2,Yes,Yes,2,Vulnerability Management
Toyota,Innova,2024,Petrol,CVT,1718310,15.3,2184,5,Midrange,3,Yes,Yes,2,Vulnerability Management
Maruti,Baleno,2022,Electric,Automatic,2277673,259,0,6,Midrange,1,No,No,4,Threat Detection
Kia,Seltos,2019,Diesel,Manual,1502341,18.4,1197,6,Midrange,0,No,No,7,Basic Monitoring
Kia,Carens,2026,Petrol,Automatic,1713843,24.5,1197,7,Midrange,2,Yes,Yes,0,Vulnerability Management
Tata,Harrier,2020,Electric,Automatic,1594733,273.9,0,5,Budget,1,No,No,6,Threat Detection
Hyundai,Creta,2022,Petrol,DCT,1069793,18.4,1997,5,Budget,2,No,No,4,Basic Monitoring
Toyota,Hyryder,2024,Petrol,Manual,2768945,28.5,1497,7,Premium,0,Yes,Yes,2,OTA Security
Hyundai,Venue,2023,Hybrid,Automatic,4288909,14.6,998,7,Luxury,3,Yes,Yes,3,Premium Cyber Suite
Hyundai,Venue,2023,Hybrid,CVT,1743445,19.2,998,6,Midrange,0,No,No,3,Basic Monitoring
MG,Astor,2019,Hybrid,Manual,1182192,21.7,2184,5,Budget,2,Yes,Yes,7,Vulnerability Management
Maruti,Grand Vitara,2026,Petrol,Manual,1516897,26.2,1497,7,Midrange,1,No,No,0,Basic Monitoring
Mahindra,ScorpioN,2024,Electric,Automatic,2182278,494.6,0,7,Midrange,2,No,No,2,OTA Security
Maruti,Baleno,2026,Diesel,DCT,1463761,17.9,1997,5,Midrange,2,No,No,0,Threat Detection
Honda,Amaze,2018,Petrol,Automatic,2656265,26.1,1497,5,Premium,0,No,No,8,Basic Monitoring
Maruti,Baleno,2018,Petrol,Manual,957966,25.5,1997,6,Budget,2,Yes,Yes,8,OTA Security
Toyota,Innova,2023,Petrol,DCT,1352433,13,1498,5,Midrange,1,Yes,Yes,3,OTA Security
Tata,Nexon,2022,Electric,Manual,4531186,381.3,0,5,Luxury,0,Yes,Yes,4,Vulnerability Management
Maruti,Grand Vitara,2025,Diesel,Manual,1384845,17.6,1498,5,Midrange,0,No,No,1,Basic Monitoring
MG,Hector,2023,Diesel,Manual,1799641,26.1,1997,5,Midrange,1,Yes,Yes,3,OTA Security
Maruti,Brezza,2021,Electric,Automatic,3359216,519.6,0,5,Premium,1,Yes,Yes,5,Vulnerability Management
Kia,Seltos,2019,Petrol,Manual,1420010,19.7,1197,5,Midrange,3,Yes,No,7,OTA Security
Mahindra,XUV700,2022,Petrol,CVT,1762083,17.6,1197,5,Midrange,1,No,No,4,Basic Monitoring
Hyundai,Venue,2018,Petrol,Manual,2352384,27.3,1497,7,Premium,0,No,No,8,Basic Monitoring
Maruti,Brezza,2018,Hybrid,DCT,1148819,20.7,1498,7,Budget,2,No,No,8,Threat Detection
Mahindra,XUV700,2019,Petrol,Automatic,4032830,28.8,1497,6,Luxury,3,No,No,7,OTA Security
Mahindra,Thar,2024,Hybrid,CVT,1822816,28.6,998,5,Midrange,0,No,No,2,Basic Monitoring
Kia,Seltos,2025,Petrol,Automatic,1682466,12.9,1997,5,Midrange,1,No,No,1,Basic Monitoring
Mahindra,ScorpioN,2022,Electric,Manual,1552190,426.2,0,5,Budget,2,No,No,4,Threat Detection
Honda,Elevate,2018,Petrol,DCT,942266,18.1,1197,5,Budget,1,No,No,8,Basic Monitoring
Hyundai,Creta,2020,Electric,Manual,3134592,517.9,0,6,Premium,1,No,No,6,Threat Detection
Hyundai,Venue,2025,Electric,Automatic,1548388,509.8,0,6,Budget,1,No,No,1,Threat Detection
Mahindra,XUV700,2021,Electric,Automatic,1988980,373.8,0,5,Midrange,2,No,No,5,Threat Detection
Tata,Nexon,2024,Electric,CVT,1574739,527.5,0,5,Budget,2,Yes,Yes,2,Vulnerability Management
Honda,Amaze,2026,Diesel,Manual,1420291,12.6,2184,5,Midrange,1,Yes,Yes,0,OTA Security
Hyundai,Verna,2024,Diesel,Automatic,1335106,16.6,2184,5,Midrange,2,Yes,Yes,2,Vulnerability Management
Kia,Sonet,2024,Petrol,Automatic,2760853,15.9,2184,7,Premium,1,Yes,Yes,2,Vulnerability Management
Hyundai,Creta,2023,Petrol,Automatic,839333,21.7,1498,7,Budget,3,Yes,Yes,3,Vulnerability Management
Maruti,Baleno,2026,Diesel,Manual,2662073,20.7,2184,5,Premium,2,Yes,No,0,OTA Security
MG,ZS EV,2022,Electric,Automatic,1321923,459.4,0,6,Budget,0,Yes,Yes,4,OTA Security
Kia,Seltos,2022,Petrol,Manual,1418690,22.2,998,5,Midrange,2,Yes,Yes,4,Vulnerability Management
Hyundai,Verna,2026,Diesel,Automatic,2794771,27.6,998,7,Premium,3,Yes,Yes,0,Premium Cyber Suite
Toyota,Fortuner,2020,Petrol,CVT,720596,21.4,1498,6,Budget,0,Yes,Yes,6,Threat Detection
Maruti,Brezza,2018,Electric,Automatic,2252045,486.9,0,6,Midrange,3,No,No,8,OTA Security
Hyundai,Creta,2026,Petrol,Manual,1717783,28.2,1497,5,Midrange,0,Yes,Yes,0,OTA Security
Toyota,Hyryder,2019,Diesel,CVT,2444894,27.4,2184,5,Premium,1,No,No,7,Threat Detection
Toyota,Innova,2022,Diesel,DCT,1654566,25.9,998,6,Midrange,2,Yes,Yes,4,Vulnerability Management
Maruti,Brezza,2018,Petrol,CVT,4299382,18,2184,5,Luxury,2,Yes,No,8,Vulnerability Management
Maruti,Grand Vitara,2024,Diesel,Manual,939374,24.8,2184,5,Budget,1,Yes,No,2,Threat Detection
Kia,Seltos,2025,Diesel,Manual,1783600,12.8,1997,5,Midrange,3,Yes,Yes,1,Vulnerability Management
Honda,Amaze,2021,Diesel,Automatic,673833,22.2,1498,5,Budget,1,No,No,5,Basic Monitoring
Maruti,Baleno,2025,Hybrid,Automatic,1892568,22.2,1498,7,Midrange,2,No,No,1,Threat Detection
MG,Astor,2019,Petrol,Automatic,1394691,22.2,1498,5,Midrange,1,No,No,7,Basic Monitoring
Toyota,Fortuner,2018,Electric,Manual,3300556,432.7,0,7,Premium,3,Yes,No,8,Vulnerability Management
Mahindra,ScorpioN,2018,Petrol,Manual,2699010,18.6,1197,5,Premium,3,No,No,8,OTA Security
MG,Hector,2023,Diesel,DCT,855148,24.1,1197,6,Budget,1,No,No,3,Basic Monitoring
Kia,Sonet,2020,Hybrid,Manual,2037668,24.8,1498,5,Midrange,2,Yes,Yes,6,Premium Cyber Suite
Maruti,Grand Vitara,2020,Petrol,Automatic,1568554,27.9,1497,5,Midrange,2,Yes,No,6,OTA Security
Kia,Seltos,2019,Electric,Manual,1454859,427,0,5,Budget,2,Yes,Yes,7,Vulnerability Management
Mahindra,XUV700,2023,Diesel,Manual,1791832,28.7,1497,6,Midrange,2,Yes,Yes,3,Vulnerability Management
Kia,Seltos,2025,Petrol,CVT,1053255,22.1,1497,5,Budget,1,Yes,Yes,1,OTA Security
Tata,Nexon,2019,Diesel,Automatic,4070904,24.9,1197,5,Luxury,0,No,No,7,Threat Detection
Mahindra,ScorpioN,2019,Petrol,DCT,4216725,26.2,1997,5,Luxury,2,Yes,Yes,7,Premium Cyber Suite
Hyundai,Creta,2023,Electric,Automatic,3364471,479.9,0,5,Premium,2,No,No,3,OTA Security
Mahindra,ScorpioN,2019,Hybrid,Manual,2096502,13,1997,5,Midrange,2,No,No,7,OTA Security
Toyota,Fortuner,2018,Diesel,CVT,1656770,16.6,2184,5,Midrange,0,No,No,8,Basic Monitoring
Kia,Carens,2023,Hybrid,Manual,2018092,22.3,1498,5,Midrange,2,Yes,Yes,3,Premium Cyber Suite
Mahindra,Thar,2022,Petrol,Automatic,1038479,26.3,1997,5,Budget,2,No,No,4,Basic Monitoring
MG,ZS EV,2022,Electric,Manual,4780293,303.8,0,7,Luxury,2,Yes,Yes,4,Premium Cyber Suite
Maruti,Brezza,2020,Petrol,CVT,1062237,19.9,1997,5,Budget,2,No,No,6,Basic Monitoring
Honda,City,2024,Diesel,Automatic,886088,20.1,1997,7,Budget,1,No,No,2,Basic Monitoring
Toyota,Hyryder,2022,Electric,DCT,2186870,383.9,0,5,Midrange,1,Yes,No,4,OTA Security
Maruti,Brezza,2026,Petrol,Manual,1532958,20.1,1497,5,Midrange,3,Yes,Yes,0,Vulnerability Management
Hyundai,Venue,2024,Petrol,Automatic,2305102,25.8,998,5,Premium,2,Yes,Yes,2,Vulnerability Management
MG,Astor,2022,Hybrid,Automatic,2066345,29.9,1498,7,Midrange,1,No,No,4,Threat Detection
Maruti,Brezza,2018,Petrol,CVT,2533405,15,998,6,Premium,2,Yes,Yes,8,Vulnerability Management
Honda,City,2023,Electric,DCT,1943598,562.5,0,5,Midrange,2,No,No,3,Threat Detection
Mahindra,ScorpioN,2023,Hybrid,DCT,1631206,25.7,2184,5,Midrange,0,No,No,3,Basic Monitoring
Hyundai,Venue,2019,Petrol,CVT,4275270,23.8,2184,7,Luxury,3,No,No,7,OTA Security
Kia,Sonet,2023,Petrol,Manual,4058113,15.4,1197,6,Luxury,0,No,No,3,Threat Detection
Tata,Harrier,2023,Diesel,DCT,1734757,29.2,1997,5,Midrange,0,Yes,Yes,3,OTA Security
Kia,Carens,2018,Petrol,CVT,745455,27.8,1498,5,Budget,1,No,No,8,Basic Monitoring
Kia,Seltos,2019,Diesel,Automatic,3916067,28.1,1997,5,Luxury,3,Yes,Yes,7,Premium Cyber Suite
Honda,City,2023,Hybrid,Manual,1103383,22.2,1997,5,Budget,0,Yes,No,3,Threat Detection
Tata,Harrier,2024,Electric,DCT,1938633,417.1,0,5,Midrange,1,No,No,2,Threat Detection
Toyota,Innova,2026,Petrol,Automatic,2414192,22.5,1497,5,Premium,2,Yes,Yes,0,Vulnerability Management
Tata,Nexon,2024,Diesel,Automatic,2382405,18.3,998,5,Premium,1,Yes,Yes,2,Vulnerability Management
MG,ZS EV,2024,Petrol,Manual,1449877,15.3,998,5,Midrange,0,No,No,2,Basic Monitoring
Mahindra,XUV700,2021,Petrol,CVT,986520,28.1,2184,5,Budget,2,Yes,Yes,5,OTA Security
Honda,City,2018,Diesel,DCT,1517057,28.3,998,6,Midrange,1,Yes,Yes,8,OTA Security
Maruti,Grand Vitara,2021,Hybrid,Automatic,1369963,28.6,1498,5,Budget,2,No,No,5,Threat Detection
MG,Hector,2020,Petrol,Automatic,1522034,27.2,1498,5,Midrange,1,Yes,Yes,6,OTA Security
Tata,Safari,2020,Diesel,Automatic,734130,22.7,998,6,Budget,1,Yes,Yes,6,OTA Security
Hyundai,Creta,2023,Electric,Manual,2903208,585.1,0,5,Premium,0,No,No,3,Threat Detection
Mahindra,XUV700,2023,Electric,Automatic,1500338,447.9,0,6,Budget,3,Yes,Yes,3,Premium Cyber Suite
Hyundai,Creta,2026,Diesel,Automatic,1588673,17.6,2184,6,Midrange,0,No,No,0,Basic Monitoring
MG,ZS EV,2019,Petrol,Automatic,2693432,21.6,2184,7,Premium,3,Yes,Yes,7,Premium Cyber Suite
Toyota,Fortuner,2026,Electric,Automatic,1676375,531.3,0,5,Budget,2,No,No,0,Threat Detection
Honda,Elevate,2018,Hybrid,DCT,1278736,21.9,1997,5,Budget,2,Yes,Yes,8,Vulnerability Management
Mahindra,Thar,2021,Petrol,DCT,646494,15.8,1197,7,Budget,1,Yes,Yes,5,OTA Security
Hyundai,Creta,2024,Electric,DCT,2272527,469.6,0,5,Midrange,0,Yes,Yes,2,Vulnerability Management
Mahindra,XUV700,2021,Electric,Manual,2978259,424.3,0,5,Premium,1,Yes,Yes,5,Vulnerability Management
Hyundai,Creta,2023,Hybrid,Manual,2668494,19.3,1498,5,Premium,1,Yes,No,3,OTA Security
Tata,Safari,2018,Petrol,CVT,1034203,22.5,1997,7,Budget,1,Yes,Yes,8,OTA Security
Toyota,Fortuner,2019,Hybrid,Automatic,4147007,24.3,2184,5,Luxury,1,No,No,7,OTA Security
MG,Hector,2024,Electric,Manual,4705156,524.8,0,5,Luxury,2,Yes,Yes,2,Premium Cyber Suite
Toyota,Hyryder,2026,Electric,Manual,1985040,578.6,0,6,Midrange,0,Yes,No,0,Threat Detection
MG,ZS EV,2026,Petrol,Automatic,2741051,19.1,998,6,Premium,1,No,No,0,Threat Detection
Toyota,Hyryder,2024,Electric,Manual,2106420,522.6,0,5,Midrange,1,Yes,Yes,2,Vulnerability Management
Kia,Carens,2018,Diesel,Automatic,4159062,24.9,1997,6,Luxury,1,No,No,8,Threat Detection
Honda,City,2022,Diesel,Automatic,1367882,27,998,5,Midrange,2,Yes,Yes,4,Vulnerability Management
Mahindra,ScorpioN,2021,Hybrid,Automatic,4487367,24.5,1497,5,Luxury,1,No,No,5,OTA Security
Hyundai,Verna,2026,Electric,Automatic,4679865,457.9,0,7,Luxury,2,No,No,0,OTA Security
Hyundai,Verna,2024,Petrol,Manual,1730262,22.3,1498,5,Midrange,2,No,No,2,Threat Detection
Toyota,Fortuner,2026,Petrol,Manual,747709,15.4,1497,5,Budget,3,No,No,0,Threat Detection
Honda,Amaze,2021,Petrol,Manual,1027418,13.4,2184,5,Budget,0,No,No,5,Basic Monitoring
MG,Hector,2018,Petrol,Automatic,1544792,24.2,1498,5,Midrange,2,Yes,Yes,8,Vulnerability Management
MG,Hector,2022,Hybrid,DCT,4275900,18.7,1498,5,Luxury,3,Yes,Yes,4,Premium Cyber Suite
Maruti,Grand Vitara,2026,Petrol,CVT,1774975,18.7,1997,5,Midrange,1,Yes,Yes,0,OTA Security
Honda,Amaze,2022,Diesel,CVT,809243,22.4,1498,5,Budget,2,Yes,No,4,Threat Detection
MG,ZS EV,2019,Electric,Manual,2044799,501.1,0,5,Midrange,0,No,No,7,Threat Detection
Kia,Seltos,2024,Petrol,CVT,950065,16.5,1197,6,Budget,3,Yes,Yes,2,Vulnerability Management
Hyundai,Venue,2023,Electric,Manual,3137400,329.1,0,5,Premium,2,Yes,Yes,3,Premium Cyber Suite
Tata,Safari,2019,Diesel,Automatic,1387562,21.9,998,7,Midrange,0,Yes,Yes,7,OTA Security
Kia,Sonet,2020,Petrol,CVT,1687514,26.4,1497,5,Midrange,3,Yes,No,6,OTA Security
MG,ZS EV,2019,Diesel,Automatic,939793,19.4,1497,5,Budget,3,Yes,Yes,7,Vulnerability Management
Toyota,Innova,2025,Diesel,Automatic,1469824,17,998,5,Midrange,1,Yes,Yes,1,OTA Security
Honda,City,2025,Electric,Manual,4592669,594.4,0,5,Luxury,1,No,No,1,OTA Security
Tata,Nexon,2025,Electric,Manual,1362103,546.3,0,5,Budget,0,No,No,1,Basic Monitoring
Hyundai,Venue,2018,Diesel,Manual,1715110,25.7,1997,5,Midrange,0,No,No,8,Basic Monitoring
MG,ZS EV,2018,Petrol,Manual,1484058,28.3,998,7,Midrange,2,Yes,Yes,8,Vulnerability Management
Mahindra,Thar,2025,Hybrid,Manual,2922631,23.9,1197,5,Premium,1,No,No,1,Threat Detection
Mahindra,XUV700,2020,Diesel,CVT,1666640,22.9,1197,5,Midrange,2,No,No,6,Threat Detection
Kia,Sonet,2025,Hybrid,CVT,2716423,19.7,1997,5,Premium,2,Yes,Yes,1,Premium Cyber Suite
Tata,Harrier,2024,Petrol,Manual,3823887,29.3,1997,5,Luxury,1,Yes,Yes,2,Vulnerability Management
Toyota,Innova,2018,Petrol,Automatic,652311,26.8,1997,5,Budget,1,No,No,8,Basic Monitoring
Mahindra,Thar,2019,Electric,Automatic,3230441,341.7,0,5,Premium,1,No,No,7,Threat Detection
Maruti,Grand Vitara,2021,Petrol,CVT,710006,29.7,1197,5,Budget,3,No,No,5,Threat Detection
Mahindra,Thar,2026,Petrol,Manual,1433041,27.4,1997,5,Midrange,3,Yes,No,0,OTA Security
Mahindra,XUV700,2023,Diesel,Automatic,2623974,12.9,1498,5,Premium,3,Yes,Yes,3,Premium Cyber Suite
MG,ZS EV,2019,Electric,Manual,1408047,332.7,0,6,Budget,2,Yes,Yes,7,Vulnerability Management
Honda,City,2026,Electric,CVT,2069847,275.1,0,6,Midrange,0,No,No,0,Threat Detection
Mahindra,ScorpioN,2018,Diesel,Manual,1599321,13.1,2184,5,Midrange,2,Yes,Yes,8,Vulnerability Management
MG,ZS EV,2023,Petrol,Automatic,2791144,29.6,1497,5,Premium,2,Yes,Yes,3,Vulnerability Management
Hyundai,Verna,2023,Petrol,Manual,1651548,22.7,1197,7,Midrange,0,No,No,3,Basic Monitoring
Honda,Elevate,2026,Diesel,CVT,1021227,19.8,1197,5,Budget,0,Yes,Yes,0,Threat Detection
Hyundai,Verna,2025,Petrol,Automatic,761208,24.9,1997,6,Budget,0,Yes,Yes,1,Threat Detection
MG,Astor,2025,Diesel,Automatic,1413046,28.1,1197,5,Midrange,0,No,No,1,Basic Monitoring
Mahindra,XUV700,2025,Hybrid,Automatic,1077795,21.6,1498,7,Budget,2,No,No,1,Threat Detection
Maruti,Grand Vitara,2021,Electric,DCT,4759104,492.5,0,5,Luxury,2,No,No,5,OTA Security
Hyundai,Verna,2019,Diesel,Automatic,1316188,23.5,1197,5,Midrange,3,Yes,Yes,7,Vulnerability Management
Hyundai,Creta,2018,Petrol,Automatic,1312330,29.9,1997,6,Midrange,2,Yes,Yes,8,Vulnerability Management
Kia,Sonet,2018,Hybrid,Manual,1894263,25.7,1498,6,Midrange,1,Yes,Yes,8,Vulnerability Management
Kia,Carens,2025,Diesel,DCT,2346675,19.7,998,5,Premium,1,Yes,No,1,OTA Security
Honda,City,2018,Diesel,Automatic,1546551,19,1497,7,Midrange,0,No,No,8,Basic Monitoring
Maruti,Baleno,2020,Electric,Automatic,1532917,383.1,0,5,Budget,2,Yes,Yes,6,Vulnerability Management
Toyota,Fortuner,2023,Diesel,Automatic,783377,20.3,2184,5,Budget,0,No,No,3,Basic Monitoring
Maruti,Grand Vitara,2021,Electric,CVT,2380334,544.2,0,5,Midrange,1,No,No,5,Threat Detection
Maruti,Grand Vitara,2022,Diesel,Automatic,773228,29,1497,5,Budget,2,No,No,4,Basic Monitoring
Kia,Carens,2022,Hybrid,CVT,1663602,22.6,1997,5,Midrange,1,No,No,4,Threat Detection
Kia,Sonet,2025,Petrol,Automatic,814915,24.2,2184,7,Budget,1,No,No,1,Basic Monitoring
Mahindra,XUV700,2021,Petrol,Manual,1617424,15.9,1997,7,Midrange,2,No,No,5,Threat Detection
Kia,Seltos,2021,Petrol,DCT,4198589,14.1,1498,5,Luxury,2,Yes,Yes,5,Premium Cyber Suite
MG,Hector,2022,Electric,Automatic,1530457,530.1,0,5,Budget,2,Yes,Yes,4,Vulnerability Management
Mahindra,XUV700,2021,Petrol,Manual,1744730,14.7,1997,5,Midrange,1,No,No,5,Basic Monitoring
Tata,Nexon,2020,Electric,CVT,1608307,411.5,0,6,Budget,0,No,No,6,Basic Monitoring
Honda,Amaze,2024,Petrol,Automatic,1740183,29.5,998,7,Midrange,1,Yes,No,2,Threat Detection
Toyota,Fortuner,2022,Hybrid,Automatic,1264780,16,1997,7,Budget,1,Yes,Yes,4,Vulnerability Management
Honda,City,2021,Petrol,Manual,2382612,16.5,1497,6,Premium,3,Yes,Yes,5,Premium Cyber Suite
Kia,Seltos,2022,Diesel,Automatic,721629,19.5,2184,6,Budget,2,No,No,4,Basic Monitoring
Tata,Nexon,2026,Hybrid,DCT,1972640,18.9,1997,5,Midrange,2,Yes,No,0,OTA Security
Mahindra,Thar,2019,Diesel,DCT,1449970,17.4,1497,5,Midrange,0,Yes,No,7,Threat Detection
Mahindra,XUV700,2026,Hybrid,CVT,4185652,29,1498,6,Luxury,0,No,No,0,Threat Detection
Honda,City,2025,Hybrid,Automatic,2997817,14.8,1197,5,Premium,0,Yes,Yes,1,Vulnerability Management
Mahindra,XUV700,2020,Petrol,Automatic,707170,16.6,1498,6,Budget,3,Yes,Yes,6,Vulnerability Management
Hyundai,Verna,2019,Hybrid,Automatic,2089063,26,1997,7,Midrange,2,Yes,Yes,7,Premium Cyber Suite
Honda,Elevate,2021,Electric,Manual,1394088,568.6,0,7,Budget,1,Yes,No,5,OTA Security
Kia,Sonet,2020,Petrol,Manual,2798472,20.3,1997,5,Premium,2,Yes,Yes,6,Vulnerability Management
Hyundai,Venue,2020,Electric,Automatic,1227325,502.8,0,5,Budget,3,Yes,No,6,Vulnerability Management
MG,Astor,2019,Electric,Automatic,2159623,525.3,0,7,Midrange,1,Yes,Yes,7,Vulnerability Management
Mahindra,ScorpioN,2018,Petrol,Automatic,1057387,23.3,1497,7,Budget,3,Yes,Yes,8,Vulnerability Management
Hyundai,Creta,2020,Petrol,Manual,4209962,17.1,1497,7,Luxury,2,Yes,Yes,6,Premium Cyber Suite
Mahindra,XUV700,2025,Petrol,Manual,1793086,13.5,998,5,Midrange,0,Yes,Yes,1,OTA Security
MG,Astor,2018,Petrol,Manual,1518066,12.9,998,6,Midrange,2,No,No,8,Threat Detection
Tata,Harrier,2022,Hybrid,CVT,4413662,23.1,2184,5,Luxury,0,Yes,No,4,OTA Security
Mahindra,Thar,2023,Hybrid,CVT,953489,19,1497,5,Budget,0,Yes,Yes,3,OTA Security
Toyota,Hyryder,2025,Petrol,Manual,2378461,18.8,1497,5,Premium,0,No,No,1,Basic Monitoring
Maruti,Brezza,2021,Hybrid,Manual,1702499,27.8,998,5,Midrange,1,Yes,Yes,5,Vulnerability Management
MG,Astor,2023,Petrol,Automatic,2305412,21.1,1497,5,Premium,3,Yes,Yes,3,Premium Cyber Suite
Honda,City,2025,Diesel,Automatic,4008279,14.9,1997,5,Luxury,1,No,No,1,Threat Detection
Maruti,Brezza,2022,Petrol,DCT,1716699,22.2,998,6,Midrange,0,No,No,4,Basic Monitoring
Hyundai,Venue,2023,Diesel,Manual,1314563,14.7,1497,5,Midrange,2,Yes,No,3,OTA Security
Hyundai,Venue,2024,Petrol,Manual,1697122,16.4,2184,5,Midrange,2,Yes,Yes,2,Vulnerability Management
Maruti,Brezza,2022,Hybrid,DCT,1097647,23.2,998,7,Budget,0,No,No,4,Basic Monitoring
Honda,City,2021,Petrol,Manual,1698607,27.3,1197,5,Midrange,3,Yes,Yes,5,Vulnerability Management
Hyundai,Verna,2019,Petrol,Manual,3890647,23.9,998,5,Luxury,2,Yes,Yes,7,Premium Cyber Suite
Mahindra,ScorpioN,2026,Diesel,Automatic,1768519,14,1497,5,Midrange,0,No,No,0,Basic Monitoring
Tata,Harrier,2022,Electric,CVT,3253222,312.2,0,7,Premium,0,No,No,4,Threat Detection
MG,Hector,2026,Diesel,CVT,1706815,29,1498,5,Midrange,2,Yes,Yes,0,Vulnerability Management
Hyundai,Verna,2024,Hybrid,Manual,1658611,19.9,1197,5,Midrange,2,No,No,2,Threat Detection
Hyundai,Creta,2020,Petrol,Automatic,685508,14,2184,6,Budget,2,Yes,Yes,6,OTA Security
Hyundai,Creta,2025,Electric,Automatic,3112992,451.4,0,7,Premium,2,Yes,Yes,1,Premium Cyber Suite
Hyundai,Verna,2020,Diesel,Manual,2310434,19.6,998,5,Premium,0,No,No,6,Basic Monitoring
Tata,Nexon,2018,Petrol,Manual,776507,27.7,998,5,Budget,0,No,No,8,Basic Monitoring
Tata,Harrier,2020,Petrol,CVT,2588271,22,1197,6,Premium,2,No,No,6,Threat Detection
Mahindra,Thar,2018,Petrol,Automatic,1385990,28.8,1197,5,Midrange,2,No,No,8,Threat Detection
Toyota,Hyryder,2024,Hybrid,CVT,1327062,13.5,1497,5,Budget,1,No,No,2,Threat Detection
Maruti,Brezza,2024,Diesel,Manual,1707356,15.4,2184,7,Midrange,0,No,No,2,Basic Monitoring
Mahindra,XUV700,2021,Hybrid,Manual,2045198,18.3,1197,6,Midrange,1,No,No,5,Threat Detection
Hyundai,Verna,2025,Petrol,DCT,2667167,20.7,1498,5,Premium,0,No,No,1,Basic Monitoring
Tata,Harrier,2023,Electric,Manual,2389859,343.2,0,5,Midrange,1,Yes,Yes,3,Vulnerability Management
Mahindra,ScorpioN,2025,Electric,Manual,4764271,396.6,0,7,Luxury,0,No,No,1,Threat Detection
Toyota,Hyryder,2022,Petrol,Automatic,2308722,14.7,1498,6,Premium,3,No,No,4,OTA Security
Honda,Amaze,2024,Diesel,CVT,1485546,15.7,1997,7,Midrange,2,Yes,Yes,2,Vulnerability Management
Mahindra,ScorpioN,2023,Petrol,Manual,1633689,17.4,1197,7,Midrange,0,No,No,3,Basic Monitoring
Tata,Harrier,2022,Diesel,Manual,1521800,13.1,1498,7,Midrange,2,No,No,4,Threat Detection
Maruti,Grand Vitara,2018,Diesel,Automatic,1460953,24.3,1997,5,Midrange,2,Yes,Yes,8,Vulnerability Management
Maruti,Grand Vitara,2019,Electric,Manual,2164276,351.1,0,6,Midrange,2,Yes,Yes,7,Premium Cyber Suite
Honda,City,2024,Hybrid,Automatic,1799659,12.5,1497,5,Midrange,1,No,No,2,Threat Detection
Tata,Safari,2020,Hybrid,Automatic,1605197,29.8,1197,6,Midrange,1,Yes,No,6,OTA Security
Mahindra,ScorpioN,2018,Petrol,Manual,1332089,16.9,1497,5,Midrange,0,No,No,8,Basic Monitoring
Hyundai,Creta,2018,Diesel,Automatic,1758717,24,1997,7,Midrange,2,Yes,Yes,8,Vulnerability Management
Toyota,Hyryder,2025,Petrol,CVT,4090105,16.3,1197,6,Luxury,1,No,No,1,Threat Detection
Honda,City,2018,Petrol,Manual,1504670,27.6,1997,5,Midrange,2,Yes,Yes,8,Vulnerability Management
Toyota,Fortuner,2023,Petrol,Manual,896397,21.7,1497,6,Budget,0,No,No,3,Basic Monitoring
MG,Astor,2018,Diesel,Automatic,2310226,27.8,998,5,Premium,2,Yes,Yes,8,Vulnerability Management
Hyundai,Verna,2021,Diesel,CVT,721071,16.5,1997,7,Budget,1,Yes,No,5,Threat Detection
Tata,Harrier,2025,Petrol,Manual,1773110,18.7,1497,5,Midrange,3,No,No,1,Threat Detection
Maruti,Brezza,2020,Petrol,DCT,1528688,25.8,1197,5,Midrange,3,Yes,No,6,OTA Security
Hyundai,Verna,2018,Petrol,Manual,1645981,16.7,1497,6,Midrange,1,No,No,8,Basic Monitoring
Maruti,Grand Vitara,2026,Petrol,CVT,1416830,26.8,1197,7,Midrange,2,Yes,Yes,0,Vulnerability Management
Toyota,Innova,2018,Diesel,Manual,774596,26.9,1997,5,Budget,2,Yes,Yes,8,OTA Security
Tata,Safari,2021,Petrol,Automatic,4287859,26,1197,5,Luxury,3,No,No,5,OTA Security
MG,Hector,2020,Diesel,Manual,1683520,24.2,1997,5,Midrange,1,Yes,Yes,6,OTA Security
Mahindra,XUV700,2022,Petrol,CVT,1050477,17.9,1497,7,Budget,1,Yes,No,4,Threat Detection
Hyundai,Venue,2019,Petrol,DCT,1633830,20.1,1497,5,Midrange,0,Yes,Yes,7,OTA Security
MG,ZS EV,2023,Diesel,Automatic,829827,17.3,1498,5,Budget,3,Yes,No,3,OTA Security
Honda,Amaze,2022,Hybrid,DCT,1736292,15.7,1497,5,Midrange,1,No,No,4,Threat Detection
MG,Astor,2026,Petrol,Manual,1520874,24.4,1197,7,Midrange,0,No,No,0,Basic Monitoring
Mahindra,ScorpioN,2018,Diesel,Automatic,2725766,20.6,1498,5,Premium,3,Yes,Yes,8,Premium Cyber Suite
Tata,Harrier,2026,Diesel,Manual,695178,19.4,2184,5,Budget,0,No,No,0,Basic Monitoring
Honda,Amaze,2021,Diesel,CVT,1353229,18.4,2184,6,Midrange,1,No,No,5,Basic Monitoring
Toyota,Innova,2022,Electric,Automatic,3132098,457.4,0,6,Premium,2,No,No,4,OTA Security
Hyundai,Venue,2021,Petrol,Automatic,1601775,16.7,1497,5,Midrange,1,Yes,Yes,5,OTA Security
Tata,Safari,2018,Petrol,Automatic,1551496,27,2184,5,Midrange,1,Yes,No,8,Threat Detection
Mahindra,XUV700,2019,Diesel,Automatic,1774272,19,2184,7,Midrange,1,No,No,7,Basic Monitoring
Kia,Carens,2025,Diesel,Automatic,1759717,20.8,2184,7,Midrange,1,No,No,1,Basic Monitoring
Honda,Amaze,2020,Electric,Automatic,2926918,412,0,7,Premium,0,Yes,Yes,6,Vulnerability Management
Hyundai,Creta,2022,Diesel,Manual,1750824,17.9,1997,7,Midrange,1,Yes,Yes,4,OTA Security
Kia,Sonet,2023,Electric,CVT,3008061,306,0,6,Premium,1,No,No,3,Threat Detection
Hyundai,Creta,2020,Hybrid,Automatic,1163600,26,1997,5,Budget,1,Yes,Yes,6,OTA Security
MG,Astor,2019,Petrol,DCT,1765309,23.1,2184,7,Midrange,2,No,No,7,Threat Detection
Mahindra,XUV700,2025,Diesel,Manual,1593744,22.5,1197,5,Midrange,3,No,No,1,Threat Detection
Hyundai,Verna,2023,Hybrid,Automatic,1278489,25.8,2184,5,Budget,1,No,No,3,Threat Detection
Toyota,Fortuner,2024,Petrol,Automatic,726422,27.4,1197,7,Budget,2,Yes,Yes,2,OTA Security
MG,Hector,2020,Diesel,Manual,979326,24.4,1497,7,Budget,1,No,No,6,Basic Monitoring
Hyundai,Verna,2019,Petrol,Manual,2456938,28.3,2184,7,Premium,1,Yes,Yes,7,Vulnerability Management
MG,ZS EV,2024,Hybrid,Manual,1713787,22.2,1197,5,Midrange,2,Yes,Yes,2,Vulnerability Management
Toyota,Hyryder,2018,Hybrid,Automatic,2058130,19.7,1497,5,Midrange,3,No,No,8,OTA Security
MG,Astor,2021,Petrol,Manual,1496908,18.2,998,5,Midrange,1,Yes,Yes,5,OTA Security
Maruti,Grand Vitara,2021,Petrol,Automatic,670267,20.5,1197,6,Budget,2,No,No,5,Basic Monitoring
Tata,Nexon,2026,Diesel,DCT,1514884,17.3,1997,5,Midrange,0,No,No,0,Basic Monitoring
Maruti,Grand Vitara,2022,Petrol,Automatic,1318330,29.3,1497,5,Midrange,3,Yes,Yes,4,Vulnerability Management
Honda,Amaze,2022,Diesel,Manual,3865242,21.8,1197,6,Luxury,0,No,No,4,Threat Detection
Toyota,Fortuner,2022,Petrol,Automatic,1789489,16.7,1497,5,Midrange,3,No,No,4,Threat Detection
MG,ZS EV,2026,Hybrid,Manual,1710842,12.8,1498,6,Midrange,3,Yes,Yes,0,Premium Cyber Suite
Kia,Carens,2018,Diesel,Manual,1749941,20.2,1497,5,Midrange,1,No,No,8,Basic Monitoring
Honda,City,2021,Electric,CVT,2368061,293.2,0,5,Midrange,1,No,No,5,Threat Detection
Toyota,Fortuner,2024,Electric,DCT,4813577,541.2,0,5,Luxury,0,No,No,2,Threat Detection
Tata,Nexon,2022,Electric,Automatic,3372459,441.9,0,6,Premium,0,No,No,4,Threat Detection
Honda,Amaze,2021,Hybrid,Manual,1148982,13.7,2184,5,Budget,1,No,No,5,Basic Monitoring
Tata,Safari,2019,Electric,Manual,2233927,315.2,0,5,Midrange,3,No,No,7,OTA Security
Maruti,Brezza,2023,Petrol,Manual,737345,27.5,1197,5,Budget,0,No,No,3,Basic Monitoring
Tata,Safari,2023,Diesel,Manual,746537,24.4,2184,5,Budget,0,Yes,Yes,3,Threat Detection
Hyundai,Verna,2021,Petrol,Automatic,2740500,24.9,1497,5,Premium,2,Yes,Yes,5,Vulnerability Management
Mahindra,XUV700,2022,Diesel,Automatic,1685550,16.6,1997,6,Midrange,2,Yes,Yes,4,Vulnerability Management
Toyota,Fortuner,2020,Petrol,DCT,2715996,28,2184,5,Premium,0,Yes,Yes,6,OTA Security
Mahindra,ScorpioN,2019,Petrol,CVT,700882,13.8,1498,5,Budget,1,No,No,7,Basic Monitoring
Tata,Harrier,2018,Petrol,Automatic,1389042,26,998,7,Midrange,0,No,No,8,Basic Monitoring
Honda,City,2024,Electric,Automatic,1499494,260.9,0,5,Budget,1,Yes,Yes,2,Vulnerability Management
MG,Hector,2023,Petrol,Manual,774870,26.4,1197,7,Budget,3,Yes,Yes,3,Vulnerability Management
MG,ZS EV,2021,Hybrid,Manual,1684015,22.2,2184,7,Midrange,0,Yes,No,5,Threat Detection
MG,ZS EV,2024,Diesel,Manual,1031817,24.8,1497,6,Budget,1,No,No,2,Basic Monitoring
Hyundai,Venue,2019,Diesel,Automatic,3835862,16.4,998,5,Luxury,1,Yes,Yes,7,Vulnerability Management
Toyota,Innova,2022,Electric,DCT,1389029,255.4,0,5,Budget,0,No,No,4,Basic Monitoring
Mahindra,XUV700,2022,Hybrid,Manual,3091005,25.4,1498,6,Premium,2,Yes,Yes,4,Premium Cyber Suite
Mahindra,ScorpioN,2018,Petrol,Manual,1485137,19.4,2184,6,Midrange,1,Yes,Yes,8,OTA Security
Kia,Carens,2026,Petrol,DCT,1097034,22.5,1497,5,Budget,1,No,No,0,Basic Monitoring
Maruti,Brezza,2020,Petrol,Automatic,1087661,13.6,1498,7,Budget,1,No,No,6,Basic Monitoring
Maruti,Baleno,2022,Hybrid,CVT,2733850,29.7,2184,6,Premium,1,Yes,No,4,OTA Security
Mahindra,XUV700,2025,Petrol,Manual,875523,25.5,1498,7,Budget,1,Yes,Yes,1,OTA Security
Hyundai,Verna,2019,Diesel,Automatic,1597404,12.8,1498,7,Midrange,0,No,No,7,Basic Monitoring
Toyota,Innova,2020,Electric,CVT,4546067,344.6,0,5,Luxury,1,No,No,6,OTA Security
Mahindra,XUV700,2021,Diesel,Automatic,1526331,12.2,998,5,Midrange,0,No,No,5,Basic Monitoring
Toyota,Hyryder,2025,Hybrid,Automatic,2788365,15.9,998,5,Premium,3,Yes,Yes,1,Premium Cyber Suite
Tata,Safari,2026,Petrol,CVT,2511448,23,998,7,Premium,1,No,No,0,Threat Detection
Hyundai,Creta,2022,Petrol,CVT,1048724,23.3,1197,5,Budget,3,Yes,Yes,4,Vulnerability Management
MG,ZS EV,2025,Hybrid,Automatic,2005449,12.8,998,7,Midrange,2,Yes,Yes,1,Premium Cyber Suite
Honda,Elevate,2026,Electric,DCT,4854348,386,0,5,Luxury,3,Yes,No,0,Premium Cyber Suite
Tata,Nexon,2026,Petrol,Manual,1766783,29.2,998,5,Midrange,0,No,No,0,Basic Monitoring
Hyundai,Venue,2019,Hybrid,Automatic,1735862,26.5,1197,5,Midrange,1,Yes,Yes,7,Vulnerability Management
Toyota,Hyryder,2022,Electric,Automatic,1306668,260.5,0,5,Budget,1,Yes,Yes,4,Vulnerability Management
Maruti,Baleno,2022,Petrol,CVT,812033,13.1,1197,5,Budget,1,Yes,Yes,4,OTA Security
Tata,Nexon,2026,Electric,Automatic,1272232,518.5,0,5,Budget,2,Yes,Yes,0,Vulnerability Management
Mahindra,ScorpioN,2020,Petrol,Manual,2560508,16.1,1497,5,Premium,1,Yes,Yes,6,Vulnerability Management
Maruti,Grand Vitara,2020,Electric,Manual,4409120,597.4,0,7,Luxury,0,Yes,Yes,6,Vulnerability Management
Mahindra,Thar,2023,Petrol,Manual,1336408,29.5,1497,7,Midrange,2,No,No,3,Threat Detection
Tata,Harrier,2024,Petrol,Manual,1390645,13,1197,7,Midrange,1,Yes,Yes,2,OTA Security
Toyota,Hyryder,2020,Diesel,Manual,2690928,22.2,2184,6,Premium,3,Yes,No,6,Vulnerability Management
Hyundai,Venue,2019,Petrol,Automatic,879105,19.8,1497,5,Budget,2,Yes,Yes,7,OTA Security
Kia,Sonet,2024,Hybrid,DCT,1693168,19.5,1197,5,Midrange,3,No,No,2,OTA Security
Maruti,Brezza,2019,Diesel,Manual,861735,29.7,2184,5,Budget,2,No,No,7,Basic Monitoring
MG,ZS EV,2022,Petrol,Automatic,1557514,17.7,998,5,Midrange,3,Yes,Yes,4,Vulnerability Management
MG,Astor,2020,Petrol,DCT,1744231,28.8,2184,6,Midrange,1,No,No,6,Basic Monitoring
Mahindra,XUV700,2022,Electric,DCT,2131698,428.7,0,5,Midrange,3,Yes,Yes,4,Premium Cyber Suite
Kia,Sonet,2025,Electric,Automatic,2235078,576.4,0,7,Midrange,1,Yes,Yes,1,Vulnerability Management
Kia,Carens,2025,Electric,DCT,1364210,357.7,0,5,Budget,3,No,No,1,OTA Security
Maruti,Baleno,2024,Diesel,DCT,776306,25.3,1497,5,Budget,2,Yes,Yes,2,OTA Security
Honda,Elevate,2020,Petrol,Automatic,1719970,25.8,998,7,Midrange,1,No,No,6,Basic Monitoring
MG,ZS EV,2026,Diesel,Automatic,1301321,18.1,1997,5,Midrange,3,Yes,Yes,0,Vulnerability Management
Mahindra,Thar,2019,Diesel,Manual,2581458,16.7,998,5,Premium,0,No,No,7,Basic Monitoring
Hyundai,Creta,2018,Petrol,Manual,2463054,13.5,2184,5,Premium,0,No,No,8,Basic Monitoring
Toyota,Fortuner,2019,Hybrid,Manual,2098630,20.9,998,7,Midrange,1,Yes,No,7,OTA Security
Maruti,Brezza,2018,Petrol,Manual,1355068,22.9,998,5,Midrange,2,Yes,Yes,8,Vulnerability Management
Hyundai,Venue,2018,Electric,Manual,4648954,423.7,0,5,Luxury,2,Yes,Yes,8,Premium Cyber Suite
MG,Astor,2026,Diesel,CVT,930480,14.8,1497,7,Budget,2,No,No,0,Basic Monitoring
Tata,Safari,2026,Petrol,Automatic,933516,27.6,998,5,Budget,1,No,No,0,Basic Monitoring
Hyundai,Creta,2025,Petrol,Manual,662589,22,2184,6,Budget,0,No,No,1,Basic Monitoring
Tata,Harrier,2020,Hybrid,Automatic,1018854,13.9,998,7,Budget,1,No,No,6,Basic Monitoring
Hyundai,Verna,2025,Electric,Manual,3254862,471.8,0,6,Premium,2,No,No,1,OTA Security
Kia,Sonet,2025,Hybrid,Automatic,2039091,27.5,998,5,Midrange,1,Yes,Yes,1,Vulnerability Management
Kia,Carens,2018,Hybrid,Automatic,1784495,12.6,1197,5,Midrange,1,No,No,8,Threat Detection
Kia,Seltos,2020,Petrol,Automatic,1032139,26.2,1498,7,Budget,0,No,No,6,Basic Monitoring
Maruti,Baleno,2023,Electric,Manual,1910445,273.2,0,7,Midrange,1,Yes,Yes,3,Vulnerability Management
Hyundai,Creta,2023,Hybrid,DCT,4146893,27.1,1497,5,Luxury,1,No,No,3,OTA Security
Maruti,Brezza,2018,Diesel,Manual,624337,23.7,1497,5,Budget,3,No,No,8,Threat Detection
Kia,Seltos,2019,Diesel,CVT,1451287,12.4,1497,5,Midrange,1,Yes,Yes,7,OTA Security
Maruti,Baleno,2019,Electric,Manual,1277259,382,0,5,Budget,0,No,No,7,Basic Monitoring
Maruti,Baleno,2022,Diesel,CVT,1054943,16.2,1997,5,Budget,3,No,No,4,Threat Detection
Hyundai,Creta,2023,Petrol,Manual,2778194,20.8,1997,6,Premium,1,Yes,No,3,OTA Security
Hyundai,Venue,2025,Petrol,Manual,2779405,28.3,1498,5,Premium,3,Yes,Yes,1,Premium Cyber Suite
Hyundai,Creta,2021,Diesel,CVT,1351622,28.9,998,7,Midrange,1,Yes,Yes,5,OTA Security
MG,ZS EV,2021,Hybrid,Manual,1053468,29.8,1497,6,Budget,1,No,No,5,Basic Monitoring
MG,Hector,2020,Petrol,Manual,841535,20.3,1497,6,Budget,1,No,No,6,Basic Monitoring
Kia,Carens,2025,Diesel,Automatic,948431,17.5,1197,7,Budget,2,Yes,Yes,1,OTA Security
Tata,Nexon,2025,Petrol,Manual,1743902,12.9,1997,5,Midrange,1,Yes,Yes,1,OTA Security
Honda,Elevate,2024,Hybrid,Automatic,1136384,17.4,998,6,Budget,0,No,No,2,Basic Monitoring
Maruti,Grand Vitara,2022,Petrol,Automatic,2658189,27,1197,5,Premium,1,Yes,Yes,4,Vulnerability Management
Toyota,Hyryder,2026,Electric,Automatic,1972542,400.9,0,7,Midrange,1,Yes,No,0,OTA Security
MG,Astor,2018,Diesel,Automatic,738016,29.9,1997,5,Budget,1,No,No,8,Basic Monitoring
Mahindra,XUV700,2023,Hybrid,CVT,1081850,29,1997,5,Budget,2,No,No,3,Threat Detection
MG,ZS EV,2024,Hybrid,DCT,2047613,26,1497,5,Midrange,1,No,No,2,Threat Detection
Honda,Elevate,2025,Petrol,Automatic,1542941,19.9,998,7,Midrange,1,Yes,Yes,1,OTA Security
Tata,Nexon,2026,Petrol,CVT,1751051,20.2,1197,5,Midrange,1,No,No,0,Basic Monitoring
Tata,Safari,2020,Petrol,Automatic,1355793,26.9,2184,6,Midrange,2,No,No,6,Threat Detection
Maruti,Baleno,2019,Electric,Manual,1608649,440.1,0,5,Budget,1,No,No,7,Threat Detection
Kia,Sonet,2026,Diesel,Automatic,692128,29.2,998,5,Budget,3,No,No,0,Threat Detection
Mahindra,XUV700,2018,Electric,Automatic,4698130,561.7,0,5,Luxury,2,Yes,No,8,Vulnerability Management
Maruti,Grand Vitara,2025,Electric,Manual,2355266,560.5,0,5,Midrange,0,No,No,1,Threat Detection
Toyota,Fortuner,2024,Electric,Automatic,3365658,454.2,0,5,Premium,1,Yes,Yes,2,Vulnerability Management
Mahindra,ScorpioN,2025,Petrol,DCT,1417375,19.9,1997,5,Midrange,3,No,No,1,Threat Detection
MG,Hector,2021,Electric,Manual,1495080,575.4,0,5,Budget,0,No,No,5,Basic Monitoring
Tata,Nexon,2023,Diesel,Automatic,3970419,25.3,1197,5,Luxury,0,No,No,3,Threat Detection
MG,Astor,2020,Electric,Automatic,1945616,537.8,0,5,Midrange,0,No,No,6,Basic Monitoring
Honda,Amaze,2018,Petrol,CVT,2331194,19.6,1498,5,Premium,0,No,No,8,Basic Monitoring
Mahindra,ScorpioN,2020,Diesel,Manual,4108340,23.3,1497,5,Luxury,1,No,No,6,Threat Detection
MG,Astor,2018,Diesel,Automatic,1301462,19.4,998,5,Midrange,1,Yes,Yes,8,OTA Security
Tata,Safari,2018,Hybrid,DCT,2041662,25.9,1497,5,Midrange,2,Yes,Yes,8,Premium Cyber Suite
Toyota,Hyryder,2018,Petrol,Automatic,4106593,18.3,1197,5,Luxury,1,No,No,8,Threat Detection
Toyota,Fortuner,2018,Electric,Manual,1280721,531.9,0,5,Budget,2,No,No,8,Threat Detection
Tata,Nexon,2021,Electric,Manual,3258062,426.5,0,7,Premium,3,Yes,Yes,5,Premium Cyber Suite
Kia,Carens,2021,Diesel,CVT,1058829,19.1,1197,7,Budget,0,No,No,5,Basic Monitoring
Maruti,Brezza,2018,Electric,Manual,2288192,292.9,0,5,Midrange,1,No,No,8,Threat Detection
Kia,Seltos,2020,Electric,Manual,3293927,460.4,0,5,Premium,2,Yes,No,6,Vulnerability Management
Tata,Nexon,2020,Petrol,Automatic,852246,17,998,5,Budget,1,No,No,6,Basic Monitoring
Maruti,Brezza,2022,Diesel,Automatic,3979252,22.5,1197,6,Luxury,2,No,No,4,OTA Security
MG,ZS EV,2021,Petrol,Automatic,2367165,16.9,1497,5,Premium,3,No,No,5,OTA Security
Maruti,Grand Vitara,2024,Petrol,DCT,2766803,16.1,998,7,Premium,2,Yes,No,2,OTA Security
Mahindra,Thar,2026,Electric,Manual,1232025,272,0,5,Budget,0,No,No,0,Basic Monitoring
Honda,Elevate,2018,Petrol,Manual,2373176,17.4,2184,5,Premium,0,No,No,8,Basic Monitoring
MG,Hector,2025,Diesel,Manual,1366505,27.5,1197,5,Midrange,1,No,No,1,Basic Monitoring
Toyota,Hyryder,2022,Diesel,Automatic,2582958,29.4,1497,7,Premium,2,Yes,Yes,4,Vulnerability Management
MG,Hector,2018,Diesel,Automatic,2403952,25.6,1997,7,Premium,3,No,No,8,OTA Security
Maruti,Grand Vitara,2019,Petrol,Automatic,778411,17.2,1498,5,Budget,1,No,No,7,Basic Monitoring
Tata,Safari,2023,Diesel,CVT,1576452,21.7,1497,6,Midrange,1,No,No,3,Basic Monitoring
MG,ZS EV,2024,Hybrid,Manual,1808613,26,1497,5,Midrange,1,No,No,2,Threat Detection
Toyota,Hyryder,2023,Hybrid,Manual,1688485,12.2,998,7,Midrange,2,Yes,No,3,OTA Security
Mahindra,ScorpioN,2024,Petrol,CVT,690231,27.9,2184,5,Budget,2,Yes,Yes,2,OTA Security
Hyundai,Creta,2020,Petrol,Manual,900625,24.6,1498,6,Budget,0,Yes,Yes,6,Threat Detection
Mahindra,Thar,2025,Petrol,Automatic,1081590,29.3,1497,6,Budget,2,Yes,No,1,Threat Detection
Toyota,Fortuner,2019,Diesel,Manual,976007,13.5,1197,5,Budget,1,Yes,Yes,7,OTA Security
Honda,City,2026,Diesel,Manual,843102,16,998,5,Budget,0,No,No,0,Basic Monitoring
Maruti,Brezza,2026,Petrol,Automatic,809701,19.5,998,6,Budget,1,Yes,Yes,0,OTA Security
Maruti,Brezza,2024,Petrol,Automatic,2485591,16.1,1197,5,Premium,0,No,No,2,Basic Monitoring
Kia,Sonet,2019,Diesel,Automatic,716880,15.6,1498,5,Budget,2,Yes,No,7,Threat Detection
Tata,Safari,2022,Petrol,Manual,1371941,17,1497,5,Midrange,3,Yes,Yes,4,Vulnerability Management
Toyota,Innova,2020,Diesel,Automatic,1489798,12.6,2184,5,Midrange,1,Yes,No,6,Threat Detection
Kia,Carens,2022,Petrol,DCT,2761373,18.1,1997,7,Premium,1,Yes,Yes,4,Vulnerability Management
MG,ZS EV,2019,Electric,Automatic,1998978,264.4,0,5,Midrange,0,No,No,7,Basic Monitoring
Kia,Carens,2021,Diesel,Manual,1002958,26.1,1197,7,Budget,1,Yes,Yes,5,OTA Security
Maruti,Baleno,2022,Diesel,CVT,788185,16.1,1197,6,Budget,3,Yes,Yes,4,Vulnerability Management
Tata,Harrier,2025,Petrol,Automatic,2439576,22.7,1197,7,Premium,0,Yes,No,1,Threat Detection
Honda,Amaze,2023,Diesel,DCT,804899,22.9,998,7,Budget,2,Yes,Yes,3,OTA Security
Toyota,Innova,2026,Petrol,Automatic,856234,17.3,1498,7,Budget,2,Yes,Yes,0,OTA Security
Kia,Sonet,2021,Diesel,Automatic,1584285,29.3,1497,6,Midrange,2,No,No,5,Threat Detection
Kia,Sonet,2025,Petrol,CVT,2511881,29.4,998,5,Premium,2,No,No,1,Threat Detection
Kia,Carens,2019,Diesel,CVT,2599501,28.6,1197,7,Premium,0,Yes,Yes,7,OTA Security
Hyundai,Creta,2026,Petrol,Manual,1741061,16.3,1498,6,Midrange,2,Yes,Yes,0,Vulnerability Management
Tata,Harrier,2018,Petrol,Manual,822720,20.7,1498,5,Budget,2,Yes,Yes,8,OTA Security
Tata,Harrier,2025,Hybrid,CVT,1389169,19.6,1498,7,Budget,0,No,No,1,Basic Monitoring
Kia,Seltos,2018,Hybrid,Automatic,1825919,17.9,1997,5,Midrange,1,No,No,8,Threat Detection
Maruti,Grand Vitara,2021,Diesel,Manual,1388688,27.6,1997,6,Midrange,2,No,No,5,Threat Detection
Maruti,Brezza,2023,Hybrid,Automatic,3042416,26.9,2184,6,Premium,2,Yes,Yes,3,Premium Cyber Suite
Tata,Harrier,2026,Diesel,Automatic,1053151,12.5,1498,5,Budget,1,No,No,0,Basic Monitoring
Mahindra,XUV700,2019,Diesel,Manual,4154505,26.6,1997,5,Luxury,3,Yes,Yes,7,Premium Cyber Suite
Hyundai,Verna,2026,Electric,Automatic,2119508,519.3,0,5,Midrange,2,No,No,0,OTA Security
MG,ZS EV,2025,Hybrid,DCT,2031152,22.6,1197,5,Midrange,2,Yes,Yes,1,Premium Cyber Suite
Toyota,Hyryder,2026,Hybrid,Automatic,4145664,24.4,2184,7,Luxury,2,Yes,Yes,0,Premium Cyber Suite
Tata,Nexon,2022,Petrol,Automatic,4035741,15.2,1997,5,Luxury,0,No,No,4,Threat Detection
MG,ZS EV,2018,Petrol,DCT,1442372,25.4,1497,5,Midrange,1,No,No,8,Basic Monitoring
Tata,Safari,2020,Hybrid,Automatic,2639502,19.5,1997,5,Premium,1,No,No,6,Threat Detection
Maruti,Baleno,2024,Electric,Manual,1259715,453,0,5,Budget,1,No,No,2,Threat Detection
Hyundai,Venue,2022,Electric,Automatic,2974405,250.5,0,6,Premium,3,Yes,Yes,4,Premium Cyber Suite
Tata,Nexon,2025,Petrol,Automatic,930726,12.6,2184,7,Budget,1,Yes,Yes,1,OTA Security
Tata,Safari,2019,Diesel,Automatic,1614907,25.9,1497,7,Midrange,3,Yes,Yes,7,Vulnerability Management
Honda,City,2018,Diesel,Automatic,1477670,23.4,998,5,Midrange,3,Yes,Yes,8,Vulnerability Management
Maruti,Baleno,2018,Diesel,Automatic,914489,26.4,1498,6,Budget,3,Yes,Yes,8,Vulnerability Management
Mahindra,XUV700,2026,Petrol,Manual,927627,15.2,1498,5,Budget,0,Yes,Yes,0,Threat Detection
Kia,Sonet,2022,Petrol,CVT,1641290,24.2,1498,5,Midrange,0,Yes,No,4,Threat Detection
Hyundai,Creta,2018,Hybrid,Manual,1944850,15.9,1997,5,Midrange,0,Yes,No,8,Threat Detection
Hyundai,Creta,2021,Diesel,Manual,1076825,28.7,998,5,Budget,1,Yes,No,5,Threat Detection
Maruti,Baleno,2025,Petrol,DCT,796834,28,1497,5,Budget,1,No,No,1,Basic Monitoring
Honda,Elevate,2021,Hybrid,Automatic,1641502,26.2,1497,5,Midrange,2,No,No,5,Threat Detection
Toyota,Innova,2022,Electric,CVT,1962315,408.1,0,6,Midrange,1,No,No,4,Threat Detection
Toyota,Hyryder,2023,Petrol,Automatic,1403591,19.3,1498,7,Midrange,3,Yes,Yes,3,Vulnerability Management
Maruti,Grand Vitara,2019,Petrol,Automatic,1554070,24,1197,5,Midrange,3,No,No,7,Threat Detection
Tata,Harrier,2020,Diesel,Automatic,815340,19.2,1498,7,Budget,2,Yes,Yes,6,OTA Security
Maruti,Brezza,2021,Electric,Automatic,4876410,455.8,0,7,Luxury,3,Yes,No,5,Premium Cyber Suite
Toyota,Fortuner,2023,Hybrid,Automatic,2809619,23,1497,6,Premium,2,Yes,Yes,3,Premium Cyber Suite
Tata,Harrier,2019,Petrol,Automatic,1096777,16.4,1497,5,Budget,3,Yes,Yes,7,Vulnerability Management
Toyota,Hyryder,2019,Petrol,Manual,602316,29.6,2184,6,Budget,3,Yes,Yes,7,Vulnerability Management
Maruti,Brezza,2019,Electric,Manual,2018923,505.9,0,7,Midrange,3,No,No,7,OTA Security
Hyundai,Creta,2022,Petrol,Manual,2559892,27.2,1498,5,Premium,1,No,No,4,Threat Detection
Tata,Safari,2026,Diesel,Manual,1455777,28.9,1197,5,Midrange,0,No,No,0,Basic Monitoring
Tata,Harrier,2020,Petrol,Manual,1421701,29.9,1498,7,Midrange,0,No,No,6,Basic Monitoring
Hyundai,Verna,2022,Diesel,Automatic,1091620,26,998,5,Budget,2,No,No,4,Basic Monitoring
Maruti,Baleno,2020,Electric,Manual,2028977,393.2,0,7,Midrange,2,Yes,Yes,6,Premium Cyber Suite
Maruti,Baleno,2023,Electric,Manual,3379908,351.6,0,5,Premium,2,No,No,3,OTA Security
Kia,Seltos,2022,Diesel,Manual,718247,23.1,1498,5,Budget,3,Yes,Yes,4,Vulnerability Management
Tata,Nexon,2025,Diesel,Manual,860219,13.6,1997,5,Budget,3,Yes,Yes,1,Vulnerability Management
Tata,Nexon,2023,Electric,Automatic,2278658,323.5,0,5,Midrange,0,Yes,Yes,3,Vulnerability Management
Toyota,Innova,2020,Electric,CVT,2343877,250,0,5,Midrange,1,No,No,6,Threat Detection
MG,Hector,2018,Diesel,DCT,1367460,29.4,998,6,Midrange,2,Yes,Yes,8,Vulnerability Management
Maruti,Grand Vitara,2019,Hybrid,Automatic,2930235,22,1497,5,Premium,0,No,No,7,Threat Detection
MG,Astor,2021,Electric,Manual,2081987,317.4,0,5,Midrange,0,No,No,5,Threat Detection
Tata,Safari,2019,Diesel,Automatic,781569,13.7,1498,5,Budget,1,Yes,Yes,7,OTA Security
Kia,Carens,2024,Hybrid,Manual,2083302,26.8,998,5,Midrange,1,No,No,2,Threat Detection
Kia,Seltos,2021,Electric,CVT,3067212,256.4,0,5,Premium,3,Yes,Yes,5,Premium Cyber Suite
Mahindra,XUV700,2019,Electric,Manual,1400602,506,0,5,Budget,1,Yes,No,7,OTA Security
Honda,Amaze,2026,Petrol,DCT,1663527,21.6,998,5,Midrange,2,No,No,0,Threat Detection
Maruti,Grand Vitara,2020,Diesel,Manual,4000349,27.6,2184,5,Luxury,1,Yes,Yes,6,Vulnerability Management
Honda,Amaze,2024,Petrol,Manual,845588,21.1,1997,5,Budget,1,No,No,2,Basic Monitoring
Maruti,Grand Vitara,2018,Diesel,DCT,1322313,14.1,2184,7,Midrange,2,Yes,Yes,8,Vulnerability Management
Hyundai,Verna,2022,Electric,Manual,1648873,382.5,0,5,Budget,3,No,No,4,OTA Security
Honda,Amaze,2022,Diesel,Automatic,1719609,22.7,1498,5,Midrange,1,Yes,Yes,4,OTA Security
Kia,Sonet,2020,Petrol,Manual,1546616,18.5,1497,5,Midrange,2,Yes,No,6,OTA Security
MG,Astor,2018,Electric,Automatic,1972135,278,0,5,Midrange,3,No,No,8,OTA Security
Kia,Sonet,2019,Electric,Automatic,3202293,420.1,0,6,Premium,1,No,No,7,Threat Detection
Maruti,Brezza,2024,Petrol,Manual,2497093,14.5,1498,5,Premium,3,Yes,No,2,Vulnerability Management
Kia,Seltos,2020,Petrol,CVT,3803113,18,998,6,Luxury,1,Yes,Yes,6,Vulnerability Management
Toyota,Fortuner,2024,Petrol,Automatic,623077,23.5,2184,6,Budget,0,No,No,2,Basic Monitoring
Kia,Seltos,2026,Diesel,Manual,622964,13.1,2184,5,Budget,2,No,No,0,Basic Monitoring
Tata,Nexon,2023,Petrol,Automatic,1661003,25.6,1997,6,Midrange,1,No,No,3,Basic Monitoring
Honda,City,2019,Diesel,CVT,3821841,19.7,1197,6,Luxury,0,No,No,7,Threat Detection
Honda,Elevate,2022,Hybrid,Manual,1230387,25.4,1997,5,Budget,2,Yes,Yes,4,Vulnerability Management
Kia,Sonet,2021,Diesel,Manual,894156,19,2184,5,Budget,0,No,No,5,Basic Monitoring
Toyota,Innova,2022,Hybrid,Automatic,2054534,18.7,998,6,Midrange,0,No,No,4,Threat Detection
MG,ZS EV,2023,Hybrid,Automatic,1325521,27.1,1497,7,Budget,1,No,No,3,Threat Detection
Maruti,Brezza,2025,Petrol,Automatic,1697289,12.3,1197,5,Midrange,1,No,No,1,Basic Monitoring
Hyundai,Venue,2026,Petrol,Manual,4156985,24.2,2184,5,Luxury,0,No,No,0,Threat Detection
Maruti,Grand Vitara,2019,Petrol,Manual,1599935,13.4,1197,7,Midrange,0,Yes,Yes,7,OTA Security
Honda,Elevate,2025,Diesel,Manual,1438524,26.6,2184,6,Midrange,2,Yes,Yes,1,Vulnerability Management
Tata,Harrier,2025,Petrol,DCT,937109,19.8,2184,5,Budget,3,Yes,Yes,1,Vulnerability Management
Maruti,Baleno,2021,Diesel,Automatic,723234,16.7,2184,7,Budget,0,Yes,Yes,5,Threat Detection
MG,Hector,2026,Electric,Automatic,2304748,417.4,0,6,Midrange,0,Yes,Yes,0,Vulnerability Management
Hyundai,Verna,2022,Petrol,Manual,1595521,20.8,1197,5,Midrange,0,Yes,Yes,4,OTA Security
Mahindra,Thar,2025,Petrol,Automatic,1051208,22.1,1197,5,Budget,1,Yes,Yes,1,OTA Security
Toyota,Fortuner,2024,Electric,CVT,2223649,403.8,0,5,Midrange,3,Yes,Yes,2,Premium Cyber Suite
Mahindra,XUV700,2026,Electric,Automatic,1324937,491.1,0,5,Budget,2,Yes,Yes,0,Vulnerability Management
Hyundai,Venue,2021,Petrol,CVT,1453792,20.9,998,7,Midrange,0,No,No,5,Basic Monitoring
Mahindra,Thar,2018,Hybrid,Automatic,3051945,24.4,1197,6,Premium,0,No,No,8,Threat Detection
Tata,Harrier,2023,Diesel,Automatic,1405769,24.9,1498,5,Midrange,2,Yes,Yes,3,Vulnerability Management
Toyota,Fortuner,2020,Petrol,CVT,4179954,20.9,1498,6,Luxury,2,No,No,6,OTA Security
Toyota,Fortuner,2019,Diesel,Automatic,1317705,20.6,1498,5,Midrange,3,Yes,Yes,7,Vulnerability Management
Toyota,Hyryder,2023,Petrol,Automatic,922102,26.3,1197,5,Budget,1,No,No,3,Basic Monitoring
Hyundai,Verna,2018,Diesel,CVT,628125,12.3,2184,6,Budget,0,No,No,8,Basic Monitoring
MG,Hector,2026,Petrol,Automatic,898411,19.7,1197,5,Budget,3,No,No,0,Threat Detection
Tata,Nexon,2024,Petrol,Automatic,4132552,19.3,1497,6,Luxury,2,No,No,2,OTA Security
Hyundai,Venue,2025,Petrol,Automatic,1409505,29.7,2184,7,Midrange,0,No,No,1,Basic Monitoring
MG,Astor,2026,Hybrid,CVT,1640572,21.1,998,7,Midrange,1,No,No,0,Threat Detection
Honda,Elevate,2018,Electric,Automatic,3008809,555.3,0,5,Premium,0,No,No,8,Threat Detection
Toyota,Fortuner,2020,Hybrid,DCT,1099756,22.5,1997,5,Budget,0,Yes,Yes,6,OTA Security
Hyundai,Venue,2022,Diesel,Manual,602141,25.3,1197,5,Budget,2,Yes,Yes,4,OTA Security
Toyota,Hyryder,2026,Hybrid,Manual,1690505,14.9,1498,6,Midrange,2,No,No,0,Threat Detection
MG,ZS EV,2026,Hybrid,Automatic,4167511,21.8,1498,5,Luxury,1,No,No,0,OTA Security
Honda,Amaze,2026,Electric,Manual,1925939,494.3,0,5,Midrange,1,Yes,Yes,0,Vulnerability Management
Honda,Elevate,2022,Diesel,DCT,1756046,17.8,1498,6,Midrange,3,Yes,Yes,4,Vulnerability Management
Kia,Carens,2024,Petrol,Automatic,601943,20,1197,6,Budget,3,No,No,2,Threat Detection
Hyundai,Creta,2026,Petrol,CVT,1501426,18.4,1497,6,Midrange,1,Yes,Yes,0,OTA Security
Maruti,Grand Vitara,2023,Diesel,DCT,3969069,28,1497,5,Luxury,1,No,No,3,Threat Detection
Mahindra,ScorpioN,2025,Diesel,Manual,874608,26.6,1997,5,Budget,1,No,No,1,Basic Monitoring
Kia,Carens,2018,Petrol,Automatic,1470443,17.4,998,7,Midrange,0,Yes,Yes,8,OTA Security
MG,Hector,2018,Petrol,CVT,877497,19.7,1997,5,Budget,1,No,No,8,Basic Monitoring
Honda,Elevate,2018,Hybrid,Automatic,4314019,17.4,1497,5,Luxury,0,No,No,8,Threat Detection
Toyota,Hyryder,2024,Petrol,Manual,1683423,21.6,998,7,Midrange,0,No,No,2,Basic Monitoring
Kia,Carens,2019,Petrol,Automatic,1003784,22.7,1997,6,Budget,1,Yes,Yes,7,OTA Security
Mahindra,ScorpioN,2023,Electric,Automatic,1390095,361.2,0,5,Budget,1,Yes,Yes,3,Vulnerability Management
MG,ZS EV,2023,Hybrid,Automatic,1756843,12.3,1497,6,Midrange,3,No,No,3,OTA Security
Toyota,Hyryder,2022,Hybrid,CVT,1929219,19.8,1197,7,Midrange,2,Yes,Yes,4,Vulnerability Management
Kia,Sonet,2020,Hybrid,CVT,1022299,29.5,1197,5,Budget,3,Yes,Yes,6,Vulnerability Management
Kia,Carens,2018,Diesel,CVT,719200,24,1498,5,Budget,0,No,No,8,Basic Monitoring
Maruti,Grand Vitara,2023,Diesel,DCT,761880,25.3,2184,7,Budget,0,No,No,3,Basic Monitoring
Mahindra,XUV700,2018,Diesel,CVT,917914,27.7,2184,7,Budget,1,No,No,8,Basic Monitoring
Kia,Seltos,2024,Petrol,Automatic,1067402,18.5,1997,6,Budget,1,No,No,2,Basic Monitoring
Kia,Seltos,2025,Diesel,Automatic,3909988,15.5,998,6,Luxury,0,No,No,1,Threat Detection
Maruti,Brezza,2021,Hybrid,Automatic,1794788,28.6,998,6,Midrange,0,No,No,5,Basic Monitoring
Mahindra,ScorpioN,2020,Electric,CVT,3195240,457.8,0,5,Premium,1,No,No,6,Threat Detection
Maruti,Brezza,2021,Petrol,Automatic,848385,29,998,5,Budget,0,No,No,5,Basic Monitoring
Mahindra,XUV700,2025,Hybrid,Automatic,1326010,17.7,1497,7,Budget,2,No,No,1,Threat Detection
MG,ZS EV,2026,Petrol,Automatic,1469324,19.6,1497,5,Midrange,2,Yes,Yes,0,Vulnerability Management
Toyota,Hyryder,2026,Petrol,CVT,2583528,15.8,1997,5,Premium,2,Yes,Yes,0,Vulnerability Management
Honda,Amaze,2019,Petrol,Automatic,1458597,25.7,2184,6,Midrange,1,No,No,7,Basic Monitoring
Mahindra,ScorpioN,2026,Petrol,Manual,1515495,12.3,1498,6,Midrange,1,Yes,Yes,0,OTA Security
Hyundai,Creta,2021,Diesel,Automatic,1090552,12.5,1497,5,Budget,2,No,No,5,Basic Monitoring
Hyundai,Creta,2026,Diesel,Automatic,1699726,26.7,998,6,Midrange,0,No,No,0,Basic Monitoring
Tata,Harrier,2024,Hybrid,CVT,2057743,14.4,1498,5,Midrange,0,No,No,2,Threat Detection
Mahindra,ScorpioN,2026,Diesel,Manual,970378,19.9,1497,7,Budget,1,No,No,0,Basic Monitoring
MG,ZS EV,2021,Hybrid,Manual,1841299,25.1,1197,5,Midrange,1,Yes,Yes,5,Vulnerability Management
Honda,Elevate,2025,Petrol,Automatic,653247,23.8,1197,5,Budget,2,No,No,1,Basic Monitoring
Honda,Elevate,2023,Diesel,Automatic,2530675,13.7,1498,7,Premium,2,Yes,Yes,3,Vulnerability Management
Toyota,Hyryder,2022,Hybrid,Manual,1092751,13.4,998,5,Budget,3,Yes,Yes,4,Vulnerability Management
MG,ZS EV,2019,Hybrid,DCT,4515906,29.8,998,5,Luxury,1,Yes,Yes,7,Premium Cyber Suite
Maruti,Baleno,2019,Hybrid,Automatic,2057552,27.9,1197,5,Midrange,1,Yes,Yes,7,Vulnerability Management
Kia,Sonet,2024,Diesel,Manual,4101206,16.2,1498,6,Luxury,2,Yes,Yes,2,Premium Cyber Suite
Kia,Seltos,2019,Diesel,DCT,1551535,27.6,1497,7,Midrange,1,Yes,Yes,7,OTA Security
MG,Hector,2025,Hybrid,Manual,4450937,13.9,1498,7,Luxury,0,No,No,1,Threat Detection
Toyota,Hyryder,2018,Petrol,CVT,1493089,29.9,1197,5,Midrange,3,Yes,Yes,8,Vulnerability Management
Mahindra,ScorpioN,2019,Petrol,DCT,1588353,21.7,1997,6,Midrange,1,No,No,7,Basic Monitoring
Maruti,Brezza,2025,Electric,Manual,3343840,292.8,0,7,Premium,1,Yes,Yes,1,Vulnerability Management
Honda,Amaze,2022,Hybrid,DCT,1988352,14.1,998,6,Midrange,3,No,No,4,OTA Security
Tata,Harrier,2018,Electric,CVT,1548339,275.1,0,5,Budget,0,No,No,8,Basic Monitoring
Hyundai,Creta,2022,Electric,Automatic,2366280,536.1,0,5,Midrange,0,No,No,4,Threat Detection
MG,Hector,2022,Petrol,DCT,1676945,23.5,1197,5,Midrange,3,Yes,Yes,4,Vulnerability Management
Tata,Nexon,2024,Electric,Automatic,4792744,454.8,0,5,Luxury,0,No,No,2,Threat Detection
Hyundai,Verna,2021,Diesel,Automatic,991252,13.4,1197,5,Budget,1,Yes,Yes,5,OTA Security
Maruti,Brezza,2022,Petrol,DCT,1015987,29.6,1497,7,Budget,2,Yes,Yes,4,OTA Security
Tata,Nexon,2021,Hybrid,DCT,2067194,13.7,1498,7,Midrange,1,Yes,Yes,5,Vulnerability Management
Hyundai,Venue,2020,Diesel,Manual,1443837,15.8,1497,5,Midrange,1,No,No,6,Basic Monitoring
MG,Hector,2024,Electric,Automatic,2355372,288.5,0,6,Midrange,2,No,No,2,OTA Security
Toyota,Innova,2020,Petrol,Manual,1693445,18.9,1997,5,Midrange,1,No,No,6,Basic Monitoring
Honda,Amaze,2020,Diesel,Automatic,1746068,17.4,998,5,Midrange,3,No,No,6,Threat Detection
Toyota,Hyryder,2023,Petrol,Manual,2479974,15.7,1497,5,Premium,0,No,No,3,Basic Monitoring
Kia,Carens,2024,Diesel,Manual,3919901,29.2,998,5,Luxury,2,Yes,Yes,2,Premium Cyber Suite
Honda,Elevate,2024,Hybrid,Automatic,1852812,14.7,998,5,Midrange,1,No,No,2,Threat Detection
Kia,Carens,2025,Diesel,Automatic,2412017,12.1,998,7,Premium,0,No,No,1,Basic Monitoring
Honda,Elevate,2021,Diesel,Automatic,1569396,26.5,1997,5,Midrange,0,No,No,5,Basic Monitoring
Tata,Nexon,2026,Diesel,Manual,1605291,16.1,1498,7,Midrange,0,Yes,Yes,0,OTA Security
Maruti,Brezza,2019,Electric,Manual,2940693,391.9,0,7,Premium,1,Yes,Yes,7,Vulnerability Management
Honda,Elevate,2022,Petrol,CVT,2513147,12,1498,7,Premium,2,No,No,4,Threat Detection
Toyota,Fortuner,2019,Petrol,Manual,2402852,13,1997,6,Premium,0,Yes,Yes,7,OTA Security
Honda,Amaze,2023,Electric,Manual,2335653,351.2,0,5,Midrange,0,Yes,Yes,3,Vulnerability Management
Tata,Harrier,2024,Diesel,Manual,767645,29.7,1498,6,Budget,2,Yes,Yes,2,OTA Security
Toyota,Fortuner,2026,Petrol,Manual,619586,22.6,1197,5,Budget,0,Yes,No,0,Basic Monitoring
Tata,Harrier,2024,Petrol,Manual,4187532,25.6,1497,7,Luxury,2,Yes,Yes,2,Premium Cyber Suite
Kia,Seltos,2021,Diesel,Manual,1490640,29.5,1197,5,Midrange,0,No,No,5,Basic Monitoring
Toyota,Hyryder,2022,Petrol,CVT,1474722,17.4,1497,7,Midrange,0,Yes,Yes,4,OTA Security
MG,Hector,2018,Petrol,Automatic,1401358,25.1,1997,5,Midrange,1,No,No,8,Basic Monitoring
Toyota,Innova,2025,Diesel,Automatic,4230411,21.9,2184,5,Luxury,1,No,No,1,Threat Detection
Mahindra,Thar,2025,Electric,Automatic,2948294,585.9,0,5,Premium,1,Yes,Yes,1,Vulnerability Management
Honda,Amaze,2019,Petrol,CVT,1382683,13.1,1498,6,Midrange,1,Yes,Yes,7,OTA Security
Kia,Seltos,2022,Diesel,DCT,811980,14.9,1498,5,Budget,2,No,No,4,Basic Monitoring
Maruti,Grand Vitara,2023,Hybrid,Manual,1966342,14.3,2184,7,Midrange,2,No,No,3,Threat Detection
Honda,Amaze,2021,Petrol,Manual,4195826,17.4,1497,6,Luxury,3,Yes,Yes,5,Premium Cyber Suite
Hyundai,Creta,2025,Electric,Automatic,2003030,345,0,5,Midrange,2,Yes,Yes,1,Premium Cyber Suite
Maruti,Baleno,2023,Diesel,Automatic,1313701,14.6,1997,6,Midrange,1,Yes,Yes,3,OTA Security
Toyota,Hyryder,2026,Hybrid,Manual,1351120,13.5,1498,7,Budget,1,No,No,0,Threat Detection
Toyota,Hyryder,2025,Petrol,Manual,1409166,15,998,5,Midrange,1,Yes,Yes,1,OTA Security
Kia,Carens,2024,Electric,DCT,4410013,450.8,0,5,Luxury,2,Yes,Yes,2,Premium Cyber Suite
Mahindra,XUV700,2022,Petrol,Manual,2710516,17,1197,7,Premium,2,Yes,Yes,4,Vulnerability Management
Mahindra,ScorpioN,2022,Petrol,Automatic,3900272,22.5,1997,5,Luxury,2,Yes,Yes,4,Premium Cyber Suite
Tata,Nexon,2024,Electric,Manual,2941903,495.9,0,6,Premium,3,Yes,Yes,2,Premium Cyber Suite
Kia,Carens,2025,Petrol,Automatic,3813408,16,1497,5,Luxury,1,No,No,1,Threat Detection
Hyundai,Creta,2019,Electric,Manual,2305461,336.4,0,7,Midrange,2,Yes,Yes,7,Premium Cyber Suite
Kia,Carens,2018,Hybrid,Manual,1042698,19.5,1498,5,Budget,3,Yes,No,8,OTA Security
Kia,Carens,2019,Petrol,CVT,1662469,29.2,1498,6,Midrange,1,No,No,7,Basic Monitoring
Toyota,Fortuner,2019,Electric,DCT,1409954,456.6,0,5,Budget,0,Yes,Yes,7,OTA Security
Tata,Nexon,2022,Hybrid,DCT,2620265,27.9,1498,5,Premium,0,No,No,4,Threat Detection
Maruti,Baleno,2018,Hybrid,Manual,1620738,25.9,1497,7,Midrange,1,Yes,No,8,OTA Security
Honda,Elevate,2026,Petrol,Manual,767379,24.5,1997,5,Budget,0,No,No,0,Basic Monitoring
MG,Astor,2019,Petrol,Automatic,769830,13.6,1498,5,Budget,2,Yes,Yes,7,OTA Security
Toyota,Fortuner,2019,Diesel,Manual,2308505,27.6,1197,7,Premium,3,Yes,Yes,7,Premium Cyber Suite
Hyundai,Venue,2019,Petrol,CVT,1631350,24.5,1997,5,Midrange,1,Yes,Yes,7,OTA Security
Maruti,Grand Vitara,2026,Petrol,Automatic,2398315,13.4,2184,6,Premium,2,Yes,Yes,0,Vulnerability Management
Kia,Carens,2019,Hybrid,Automatic,2750086,14.1,1497,5,Premium,0,No,No,7,Threat Detection
Hyundai,Verna,2021,Petrol,Manual,1515463,19,1498,7,Midrange,2,Yes,Yes,5,Vulnerability Management
Kia,Sonet,2023,Petrol,Manual,2560491,12,2184,5,Premium,2,No,No,3,Threat Detection
Kia,Sonet,2019,Electric,Automatic,2269511,375.6,0,6,Midrange,2,Yes,No,7,Vulnerability Management
Kia,Carens,2021,Electric,Manual,1529603,578.7,0,6,Budget,2,Yes,Yes,5,Vulnerability Management
Toyota,Innova,2023,Hybrid,Manual,996590,20.2,1498,6,Budget,1,No,No,3,Basic Monitoring
Mahindra,Thar,2023,Diesel,Manual,1304191,13.5,2184,5,Midrange,1,No,No,3,Basic Monitoring
Hyundai,Creta,2018,Electric,Automatic,2120714,429.2,0,5,Midrange,3,Yes,Yes,8,Premium Cyber Suite
Tata,Nexon,2024,Diesel,Automatic,1721636,12.1,1498,5,Midrange,2,Yes,Yes,2,Vulnerability Management
Toyota,Hyryder,2019,Petrol,CVT,1373403,15.3,1997,5,Midrange,1,No,No,7,Basic Monitoring
Kia,Seltos,2026,Petrol,Manual,700980,22.7,998,5,Budget,1,No,No,0,Basic Monitoring
Kia,Seltos,2018,Hybrid,Automatic,2020758,26.1,2184,5,Midrange,0,No,No,8,Threat Detection
Toyota,Innova,2018,Electric,DCT,2067082,574.7,0,5,Midrange,3,No,No,8,OTA Security
Mahindra,XUV700,2024,Petrol,Automatic,3988420,25.7,1997,5,Luxury,3,Yes,Yes,2,Premium Cyber Suite
Tata,Nexon,2026,Petrol,Manual,2353648,24.8,1497,5,Premium,2,No,No,0,Threat Detection
Kia,Seltos,2023,Electric,Manual,3298957,341.9,0,6,Premium,3,No,No,3,OTA Security
Maruti,Grand Vitara,2022,Hybrid,Automatic,1691900,22,1997,5,Midrange,0,No,No,4,Basic Monitoring
Tata,Harrier,2021,Hybrid,Automatic,4436842,20.4,1997,5,Luxury,2,Yes,No,5,Vulnerability Management
Mahindra,XUV700,2021,Electric,Automatic,4633115,333.8,0,6,Luxury,1,No,No,5,OTA Security
Tata,Harrier,2023,Diesel,DCT,4211171,24.6,998,7,Luxury,1,No,No,3,Threat Detection
Kia,Seltos,2018,Electric,Automatic,2234303,431.9,0,7,Midrange,0,Yes,No,8,OTA Security
Maruti,Brezza,2024,Petrol,Manual,1541014,20,998,5,Midrange,1,Yes,Yes,2,OTA Security
Maruti,Grand Vitara,2020,Diesel,Manual,948065,13.1,1497,5,Budget,2,Yes,No,6,Threat Detection
Tata,Safari,2022,Petrol,Automatic,1384268,17.3,1497,6,Midrange,2,No,No,4,Threat Detection
MG,ZS EV,2023,Electric,CVT,2254058,565.3,0,5,Midrange,0,No,No,3,Threat Detection
Toyota,Innova,2026,Petrol,Manual,971949,16.4,1498,7,Budget,0,Yes,Yes,0,Threat Detection
Hyundai,Venue,2026,Petrol,Automatic,2606687,22.1,1498,5,Premium,3,Yes,No,0,Vulnerability Management
Mahindra,ScorpioN,2020,Petrol,Manual,3911618,24.2,1497,5,Luxury,1,Yes,Yes,6,Vulnerability Management
Mahindra,XUV700,2019,Petrol,Automatic,2575440,26.9,1997,6,Premium,1,Yes,Yes,7,Vulnerability Management
Maruti,Brezza,2019,Diesel,Manual,682299,12.5,998,6,Budget,2,No,No,7,Basic Monitoring
MG,Astor,2020,Electric,Automatic,1292323,550.5,0,5,Budget,3,Yes,Yes,6,Premium Cyber Suite
Maruti,Brezza,2020,Electric,CVT,4463496,355.7,0,5,Luxury,2,Yes,Yes,6,Premium Cyber Suite
Tata,Nexon,2020,Petrol,Manual,1355701,23.1,1498,7,Midrange,2,Yes,Yes,6,Vulnerability Management
MG,ZS EV,2018,Petrol,Automatic,905013,15.3,1497,6,Budget,2,Yes,Yes,8,OTA Security
Kia,Carens,2025,Petrol,Automatic,1614416,22.4,1997,5,Midrange,1,No,No,1,Basic Monitoring
Toyota,Fortuner,2022,Hybrid,Manual,2713872,23.7,1498,6,Premium,0,Yes,No,4,OTA Security
Hyundai,Venue,2023,Petrol,Automatic,728483,14.1,1497,5,Budget,1,No,No,3,Basic Monitoring
Toyota,Hyryder,2019,Electric,Automatic,4624347,370.6,0,6,Luxury,3,Yes,Yes,7,Premium Cyber Suite
Maruti,Brezza,2020,Petrol,Automatic,1730632,19.3,998,7,Midrange,2,Yes,Yes,6,Vulnerability Management
Tata,Nexon,2020,Petrol,Automatic,1628237,12.4,2184,6,Midrange,1,No,No,6,Basic Monitoring
Maruti,Brezza,2023,Petrol,Manual,1364542,13.3,1197,6,Midrange,1,No,No,3,Basic Monitoring
Kia,Carens,2026,Petrol,Manual,1343582,12.4,998,5,Midrange,1,Yes,Yes,0,OTA Security
MG,Hector,2021,Diesel,Automatic,3877858,14.6,1498,5,Luxury,3,Yes,Yes,5,Premium Cyber Suite
Maruti,Grand Vitara,2021,Petrol,Automatic,4174134,26.4,1498,6,Luxury,1,Yes,Yes,5,Vulnerability Management
Honda,Amaze,2019,Electric,Manual,1474618,483.6,0,5,Budget,0,Yes,Yes,7,OTA Security
Maruti,Grand Vitara,2020,Hybrid,Automatic,1133369,27.7,1497,5,Budget,3,No,No,6,Threat Detection
Mahindra,ScorpioN,2020,Electric,Manual,2323519,485.4,0,5,Midrange,3,Yes,No,6,Vulnerability Management
Maruti,Baleno,2025,Electric,Manual,2053881,530.8,0,5,Midrange,2,Yes,Yes,1,Premium Cyber Suite
Honda,City,2018,Petrol,Automatic,1516675,19.5,1498,7,Midrange,2,No,No,8,Threat Detection
Honda,City,2020,Electric,Manual,1966256,498.8,0,5,Midrange,2,No,No,6,Threat Detection
Toyota,Hyryder,2023,Hybrid,Automatic,1712989,27.6,998,5,Midrange,1,No,No,3,Threat Detection
Hyundai,Venue,2024,Electric,Automatic,4497541,411.5,0,5,Luxury,0,Yes,No,2,OTA Security
Kia,Sonet,2025,Hybrid,Automatic,2795863,24.6,998,6,Premium,0,No,No,1,Threat Detection
Tata,Nexon,2021,Diesel,Automatic,837388,29,1197,5,Budget,2,No,No,5,Basic Monitoring
Toyota,Innova,2020,Hybrid,DCT,1741414,19.1,1498,6,Midrange,1,No,No,6,Threat Detection
Tata,Harrier,2021,Diesel,Manual,1052404,19.7,998,5,Budget,2,No,No,5,Basic Monitoring
Hyundai,Creta,2020,Petrol,DCT,1065628,16.8,1498,5,Budget,2,Yes,Yes,6,OTA Security
Toyota,Fortuner,2021,Diesel,Automatic,1312027,24.4,1997,6,Midrange,3,Yes,No,5,OTA Security
MG,Astor,2019,Hybrid,Automatic,2935604,19.8,1997,5,Premium,2,Yes,Yes,7,Premium Cyber Suite
Tata,Safari,2023,Electric,Manual,2927262,379.4,0,5,Premium,0,Yes,Yes,3,Vulnerability Management
Toyota,Innova,2018,Electric,DCT,2940603,416.3,0,7,Premium,0,Yes,Yes,8,Vulnerability Management
Tata,Safari,2018,Petrol,Automatic,1634979,17.1,2184,5,Midrange,2,No,No,8,Threat Detection
Tata,Harrier,2018,Petrol,Manual,1768516,17.9,1997,5,Midrange,1,Yes,Yes,8,OTA Security
Kia,Carens,2021,Diesel,Automatic,1326182,12.2,1498,7,Midrange,0,No,No,5,Basic Monitoring
Honda,Elevate,2022,Diesel,Automatic,2587789,12.7,1498,5,Premium,1,Yes,No,4,OTA Security
Maruti,Baleno,2026,Hybrid,Automatic,1267906,28.7,1498,7,Budget,0,Yes,Yes,0,OTA Security
Maruti,Brezza,2019,Diesel,Automatic,2529921,21.4,2184,5,Premium,1,No,No,7,Threat Detection
Mahindra,ScorpioN,2019,Diesel,Manual,1314724,15.7,1197,5,Midrange,1,No,No,7,Basic Monitoring
Honda,Amaze,2026,Petrol,Manual,1669931,18.6,1197,5,Midrange,0,No,No,0,Basic Monitoring
Mahindra,ScorpioN,2020,Petrol,Automatic,1074701,13.2,1497,7,Budget,2,Yes,Yes,6,OTA Security
Kia,Sonet,2024,Diesel,Automatic,1027183,21.3,1197,5,Budget,3,Yes,Yes,2,Vulnerability Management
MG,ZS EV,2025,Hybrid,Automatic,1939397,26.6,2184,5,Midrange,1,Yes,Yes,1,Vulnerability Management
Mahindra,ScorpioN,2020,Electric,Automatic,1255834,536.4,0,5,Budget,3,Yes,Yes,6,Premium Cyber Suite
MG,ZS EV,2018,Diesel,CVT,1053524,20.6,1498,5,Budget,2,Yes,Yes,8,OTA Security
Hyundai,Verna,2022,Petrol,Manual,2642083,22.8,998,6,Premium,1,Yes,Yes,4,Vulnerability Management
Hyundai,Creta,2019,Petrol,Manual,2373826,20.8,2184,5,Premium,0,No,No,7,Basic Monitoring
Honda,Amaze,2025,Electric,Automatic,2146232,574.8,0,6,Midrange,0,No,No,1,Threat Detection
Hyundai,Verna,2025,Petrol,Automatic,1483431,17.3,1997,7,Midrange,2,Yes,Yes,1,Vulnerability Management
Maruti,Baleno,2021,Petrol,CVT,922433,27.1,1197,6,Budget,2,Yes,No,5,Threat Detection
Honda,City,2025,Diesel,DCT,1039242,29.7,2184,5,Budget,0,Yes,Yes,1,Threat Detection
MG,ZS EV,2023,Hybrid,Automatic,926250,22.6,998,5,Budget,2,Yes,Yes,3,Vulnerability Management
Tata,Safari,2019,Petrol,Automatic,2379373,19.2,1997,7,Premium,1,Yes,Yes,7,Vulnerability Management
Toyota,Hyryder,2022,Electric,DCT,2352731,327.2,0,5,Midrange,2,No,No,4,OTA Security
Toyota,Innova,2025,Electric,Automatic,1499082,536.4,0,6,Budget,1,No,No,1,Threat Detection
Toyota,Hyryder,2026,Electric,DCT,2048704,556.8,0,5,Midrange,2,Yes,Yes,0,Premium Cyber Suite
MG,Astor,2020,Electric,Automatic,2308252,342.4,0,7,Midrange,1,Yes,Yes,6,Vulnerability Management
Mahindra,Thar,2025,Hybrid,Manual,918026,23.8,998,7,Budget,2,No,No,1,Threat Detection
Maruti,Baleno,2018,Petrol,Automatic,1309158,22.1,1497,5,Midrange,1,No,No,8,Basic Monitoring
Toyota,Fortuner,2025,Electric,Automatic,2282537,503.9,0,5,Midrange,0,No,No,1,Threat Detection
Honda,Elevate,2021,Petrol,Automatic,2405262,25,1997,5,Premium,2,Yes,Yes,5,Vulnerability Management
Toyota,Fortuner,2026,Diesel,Manual,1093099,29.4,1197,7,Budget,1,No,No,0,Basic Monitoring
Toyota,Innova,2022,Petrol,Automatic,4196360,23.2,1197,5,Luxury,0,No,No,4,Threat Detection
Kia,Carens,2021,Diesel,Automatic,1003866,12.4,998,5,Budget,1,Yes,No,5,Threat Detection
Mahindra,Thar,2024,Diesel,Manual,4199000,28.1,1497,6,Luxury,2,No,No,2,OTA Security
Tata,Harrier,2021,Petrol,CVT,3819050,24.1,2184,5,Luxury,3,Yes,No,5,Vulnerability Management
Tata,Safari,2024,Diesel,Manual,1564156,29.8,2184,5,Midrange,1,Yes,Yes,2,OTA Security
Mahindra,Thar,2024,Diesel,Automatic,1752730,19.3,1498,6,Midrange,1,Yes,Yes,2,OTA Security
MG,Astor,2019,Diesel,Automatic,2365675,19.4,1197,6,Premium,2,Yes,No,7,OTA Security
Honda,City,2019,Hybrid,Automatic,2935481,15.1,1197,5,Premium,0,No,No,7,Threat Detection
Maruti,Grand Vitara,2024,Diesel,CVT,1598779,13.5,1498,5,Midrange,2,Yes,Yes,2,Vulnerability Management
Mahindra,XUV700,2026,Electric,Automatic,3181949,454.3,0,5,Premium,3,Yes,Yes,0,Premium Cyber Suite
Hyundai,Creta,2023,Petrol,Automatic,1527454,20.9,1497,5,Midrange,1,No,No,3,Basic Monitoring
Toyota,Hyryder,2023,Electric,Automatic,2384587,577.3,0,5,Midrange,0,No,No,3,Threat Detection
MG,ZS EV,2024,Petrol,Automatic,636684,27.5,1498,5,Budget,3,Yes,No,2,OTA Security
Hyundai,Verna,2026,Diesel,Automatic,2461674,18.5,998,5,Premium,1,Yes,No,0,OTA Security
Mahindra,ScorpioN,2022,Diesel,Automatic,1534464,18.3,1498,5,Midrange,2,No,No,4,Threat Detection
Toyota,Hyryder,2018,Hybrid,Automatic,953307,13.1,1997,6,Budget,2,Yes,Yes,8,Vulnerability Management
Tata,Harrier,2022,Petrol,CVT,946851,14.9,1197,6,Budget,2,Yes,No,4,Threat Detection
Toyota,Fortuner,2026,Petrol,Manual,1010233,14.4,1497,5,Budget,3,Yes,Yes,0,Vulnerability Management
Maruti,Baleno,2024,Petrol,Automatic,1490568,25.2,1497,5,Midrange,1,No,No,2,Basic Monitoring
Honda,Elevate,2019,Electric,CVT,2395995,487.4,0,6,Midrange,2,Yes,No,7,Vulnerability Management
Kia,Seltos,2024,Diesel,Automatic,938659,15.9,1497,5,Budget,1,No,No,2,Basic Monitoring
Kia,Sonet,2024,Electric,DCT,2119589,319.5,0,5,Midrange,1,No,No,2,Threat Detection
Toyota,Innova,2026,Hybrid,Manual,4285164,23.3,1498,6,Luxury,2,No,No,0,OTA Security
Toyota,Innova,2024,Electric,Automatic,1215360,415.5,0,7,Budget,3,No,No,2,OTA Security
MG,ZS EV,2026,Electric,Manual,1663377,463.5,0,5,Budget,2,No,No,0,Threat Detection
Kia,Sonet,2021,Electric,Automatic,4762025,374.6,0,5,Luxury,1,No,No,5,OTA Security
Honda,City,2023,Electric,Manual,1341106,267.9,0,5,Budget,1,Yes,No,3,OTA Security
Kia,Seltos,2021,Diesel,Automatic,1779554,27.2,1997,5,Midrange,2,No,No,5,Threat Detection
Kia,Carens,2023,Hybrid,DCT,1194769,22.1,1497,5,Budget,3,Yes,Yes,3,Vulnerability Management
Honda,City,2020,Hybrid,Automatic,1080091,17.6,1497,5,Budget,0,Yes,Yes,6,OTA Security
Hyundai,Creta,2025,Diesel,CVT,1658899,27.5,1497,5,Midrange,1,Yes,Yes,1,OTA Security
Hyundai,Verna,2019,Petrol,Manual,1315305,19.2,1197,6,Midrange,1,No,No,7,Basic Monitoring
Kia,Seltos,2026,Diesel,Automatic,4222641,18.5,1197,7,Luxury,2,Yes,Yes,0,Premium Cyber Suite
Toyota,Hyryder,2023,Petrol,Manual,931308,26.4,2184,5,Budget,2,No,No,3,Basic Monitoring
Toyota,Innova,2019,Petrol,Automatic,3980365,24.4,2184,5,Luxury,2,Yes,Yes,7,Premium Cyber Suite
Maruti,Brezza,2025,Petrol,CVT,1404750,27.2,998,5,Midrange,1,Yes,Yes,1,OTA Security
MG,Hector,2024,Hybrid,CVT,2999009,15.1,1498,5,Premium,1,No,No,2,Threat Detection
Kia,Carens,2019,Diesel,CVT,1383772,13.1,1997,5,Midrange,0,No,No,7,Basic Monitoring
Hyundai,Verna,2024,Petrol,CVT,924254,19.8,1498,5,Budget,2,No,No,2,Basic Monitoring
Kia,Sonet,2018,Hybrid,Automatic,2883038,28.5,2184,6,Premium,0,No,No,8,Threat Detection
MG,ZS EV,2019,Electric,DCT,1609806,571.9,0,7,Budget,1,No,No,7,Threat Detection
Tata,Harrier,2026,Petrol,DCT,1640898,16.4,1497,5,Midrange,0,Yes,Yes,0,OTA Security
Tata,Safari,2020,Diesel,CVT,729140,19.9,1498,5,Budget,1,Yes,Yes,6,OTA Security
Hyundai,Creta,2023,Petrol,Manual,735665,15.7,1497,5,Budget,0,Yes,No,3,Basic Monitoring
Maruti,Baleno,2023,Petrol,CVT,2659491,20.7,998,5,Premium,2,Yes,No,3,OTA Security
Honda,City,2024,Petrol,Automatic,4290800,29.3,998,6,Luxury,1,Yes,No,2,OTA Security
Toyota,Fortuner,2026,Petrol,Automatic,1343715,20.8,1997,5,Midrange,2,No,No,0,Threat Detection
Mahindra,XUV700,2026,Petrol,Automatic,768958,19.8,1498,5,Budget,1,No,No,0,Basic Monitoring
Tata,Harrier,2020,Diesel,Automatic,1531772,23.1,2184,5,Midrange,2,Yes,Yes,6,Vulnerability Management
Honda,City,2018,Petrol,Manual,693103,18.8,1997,5,Budget,0,No,No,8,Basic Monitoring
MG,Astor,2018,Electric,Automatic,2081519,389.9,0,6,Midrange,3,Yes,Yes,8,Premium Cyber Suite
Tata,Nexon,2018,Petrol,Automatic,2407854,20.3,1497,5,Premium,1,No,No,8,Threat Detection
Hyundai,Verna,2020,Petrol,Automatic,1323411,14.4,1197,5,Midrange,0,Yes,Yes,6,OTA Security
Tata,Harrier,2019,Petrol,Manual,885994,21.6,1997,5,Budget,1,Yes,Yes,7,OTA Security
Honda,City,2020,Petrol,Automatic,983361,19,998,6,Budget,0,No,No,6,Basic Monitoring
Toyota,Innova,2018,Petrol,Automatic,1345064,29.8,2184,6,Midrange,2,No,No,8,Threat Detection
Tata,Harrier,2026,Diesel,Manual,1552781,13.5,2184,5,Midrange,0,Yes,Yes,0,OTA Security
Tata,Harrier,2018,Diesel,Automatic,791461,21.6,1997,5,Budget,3,Yes,Yes,8,Vulnerability Management
Hyundai,Creta,2021,Diesel,Automatic,657739,16.8,2184,5,Budget,3,Yes,Yes,5,Vulnerability Management
Honda,Elevate,2023,Diesel,Automatic,1480416,22.8,1498,6,Midrange,1,No,No,3,Basic Monitoring
MG,ZS EV,2021,Diesel,Automatic,2660761,14.5,1498,5,Premium,2,Yes,Yes,5,Vulnerability Management
Honda,Elevate,2019,Petrol,Automatic,2784267,18.7,1498,5,Premium,2,Yes,No,7,OTA Security
MG,ZS EV,2021,Diesel,CVT,1450206,15.9,2184,5,Midrange,2,Yes,Yes,5,Vulnerability Management
Maruti,Brezza,2022,Petrol,Automatic,1559123,12,2184,5,Midrange,1,No,No,4,Basic Monitoring
Hyundai,Venue,2024,Hybrid,Automatic,1251767,14,1498,7,Budget,0,Yes,Yes,2,OTA Security
Maruti,Brezza,2024,Petrol,Manual,764203,19,1997,6,Budget,1,No,No,2,Basic Monitoring
Tata,Nexon,2024,Diesel,CVT,614840,28.6,1197,6,Budget,1,Yes,Yes,2,OTA Security
Toyota,Hyryder,2019,Hybrid,Automatic,1399168,29.8,1997,5,Budget,0,No,No,7,Basic Monitoring
Mahindra,ScorpioN,2018,Petrol,Automatic,622901,24.3,1997,5,Budget,3,Yes,Yes,8,Vulnerability Management
Hyundai,Verna,2025,Petrol,Automatic,665052,20,1997,6,Budget,1,Yes,Yes,1,OTA Security
Tata,Harrier,2023,Hybrid,Automatic,3038572,27,1498,5,Premium,2,No,No,3,OTA Security
MG,Astor,2018,Petrol,DCT,857075,26.2,1498,5,Budget,0,Yes,No,8,Basic Monitoring
Hyundai,Verna,2026,Hybrid,DCT,2604935,24.3,2184,5,Premium,1,Yes,Yes,0,Vulnerability Management
Maruti,Brezza,2019,Electric,Manual,1512673,541.5,0,6,Budget,1,No,No,7,Threat Detection
Mahindra,Thar,2024,Petrol,Automatic,1414252,13.3,1997,5,Midrange,1,No,No,2,Basic Monitoring
Tata,Harrier,2026,Electric,Manual,1600351,424.9,0,6,Budget,1,No,No,0,Threat Detection
MG,Hector,2021,Hybrid,Automatic,1016288,19.6,998,5,Budget,2,No,No,5,Threat Detection
Hyundai,Venue,2026,Petrol,Automatic,2323807,13,1498,5,Premium,1,No,No,0,Threat Detection
Honda,Amaze,2022,Petrol,CVT,1479173,26.8,1197,7,Midrange,2,No,No,4,Threat Detection
Hyundai,Creta,2025,Electric,DCT,1531411,522,0,5,Budget,0,No,No,1,Basic Monitoring
Hyundai,Venue,2022,Petrol,Automatic,2469172,23.3,1497,6,Premium,2,No,No,4,Threat Detection
Maruti,Brezza,2019,Electric,DCT,3112764,331.6,0,7,Premium,2,Yes,Yes,7,Premium Cyber Suite
Kia,Sonet,2022,Petrol,Manual,2431957,26,1997,5,Premium,1,Yes,Yes,4,Vulnerability Management
Tata,Harrier,2024,Diesel,Automatic,2625982,24.5,1497,5,Premium,0,No,No,2,Basic Monitoring
MG,ZS EV,2022,Electric,Manual,4720486,419.2,0,5,Luxury,2,Yes,Yes,4,Premium Cyber Suite
Honda,Amaze,2019,Diesel,Automatic,708105,15.5,1498,6,Budget,1,No,No,7,Basic Monitoring
Tata,Harrier,2020,Petrol,Automatic,2305874,15.1,1197,5,Premium,2,Yes,Yes,6,Vulnerability Management
Hyundai,Verna,2026,Electric,CVT,1624347,336,0,5,Budget,0,No,No,0,Basic Monitoring
Maruti,Grand Vitara,2022,Electric,Manual,2240165,516.3,0,7,Midrange,2,Yes,Yes,4,Premium Cyber Suite
Kia,Seltos,2018,Petrol,Manual,2695280,17.5,1498,5,Premium,1,No,No,8,Threat Detection
Hyundai,Creta,2026,Diesel,Manual,1443636,17.1,1497,6,Midrange,0,No,No,0,Basic Monitoring
Honda,City,2026,Diesel,Manual,620411,14.4,1497,5,Budget,1,No,No,0,Basic Monitoring
Tata,Safari,2020,Petrol,Manual,4208893,17.7,1497,7,Luxury,0,No,No,6,Threat Detection
Kia,Seltos,2020,Petrol,DCT,800399,30,1997,5,Budget,2,Yes,Yes,6,OTA Security
Mahindra,Thar,2023,Petrol,Automatic,731097,26.1,1197,7,Budget,0,Yes,No,3,Basic Monitoring
Tata,Safari,2021,Hybrid,Manual,1230786,24.1,1997,5,Budget,3,Yes,Yes,5,Premium Cyber Suite
Kia,Sonet,2021,Petrol,Manual,1616936,18.7,2184,7,Midrange,1,Yes,Yes,5,OTA Security
Maruti,Grand Vitara,2022,Hybrid,Automatic,2789777,22.1,1498,7,Premium,2,Yes,Yes,4,Premium Cyber Suite
Mahindra,Thar,2023,Petrol,Automatic,1030541,29.5,1997,7,Budget,2,Yes,Yes,3,OTA Security
Honda,Amaze,2022,Electric,DCT,3353838,532.3,0,7,Premium,0,No,No,4,Threat Detection
Maruti,Grand Vitara,2023,Petrol,Automatic,2546585,26.4,1997,5,Premium,1,Yes,Yes,3,Vulnerability Management
Tata,Nexon,2023,Petrol,Automatic,3911288,25.3,1997,6,Luxury,3,No,No,3,OTA Security
Maruti,Baleno,2024,Diesel,Automatic,1435378,24.6,2184,5,Midrange,1,Yes,Yes,2,OTA Security
Maruti,Baleno,2018,Petrol,Manual,1343010,15.9,1997,5,Midrange,0,No,No,8,Basic Monitoring
MG,ZS EV,2023,Petrol,CVT,1681626,13.4,2184,7,Midrange,1,No,No,3,Basic Monitoring
Maruti,Brezza,2019,Petrol,Automatic,1064948,15.7,1497,7,Budget,2,Yes,Yes,7,OTA Security
Maruti,Baleno,2026,Petrol,CVT,3945877,23.6,1498,6,Luxury,1,No,No,0,Threat Detection
Toyota,Innova,2023,Petrol,Manual,2772488,13.3,2184,7,Premium,1,Yes,Yes,3,Vulnerability Management
Mahindra,ScorpioN,2025,Petrol,DCT,2473244,27.5,1997,5,Premium,0,No,No,1,Basic Monitoring
MG,Hector,2020,Hybrid,CVT,2013970,25.6,1997,5,Midrange,0,No,No,6,Threat Detection
Toyota,Hyryder,2024,Electric,CVT,2002688,544,0,5,Midrange,1,Yes,Yes,2,Vulnerability Management
Hyundai,Creta,2025,Diesel,Automatic,1722844,23.6,1997,5,Midrange,2,Yes,Yes,1,Vulnerability Management
Mahindra,Thar,2025,Diesel,Automatic,2325570,12.9,1197,6,Premium,3,Yes,Yes,1,Premium Cyber Suite
Toyota,Innova,2022,Hybrid,Manual,1811270,25.4,2184,5,Midrange,1,No,No,4,Threat Detection
Toyota,Fortuner,2026,Petrol,DCT,794397,27.2,998,6,Budget,1,Yes,Yes,0,OTA Security
Toyota,Fortuner,2025,Petrol,CVT,1764593,28,1498,5,Midrange,1,No,No,1,Basic Monitoring
Maruti,Grand Vitara,2026,Petrol,Manual,1776834,20.8,1498,5,Midrange,2,No,No,0,Threat Detection
MG,Hector,2022,Hybrid,Automatic,4540040,27.3,1498,6,Luxury,1,Yes,Yes,4,Premium Cyber Suite
Kia,Seltos,2021,Diesel,Automatic,1447530,12.4,1498,6,Midrange,0,No,No,5,Basic Monitoring
MG,Hector,2019,Petrol,Automatic,646277,25.8,2184,5,Budget,0,No,No,7,Basic Monitoring
Tata,Safari,2018,Hybrid,Automatic,1346224,19.2,2184,7,Budget,1,Yes,Yes,8,Vulnerability Management
Mahindra,XUV700,2022,Hybrid,Manual,2019687,18.6,1497,5,Midrange,1,No,No,4,Threat Detection
Toyota,Hyryder,2020,Electric,Automatic,1558370,585.3,0,5,Budget,3,Yes,Yes,6,Premium Cyber Suite
MG,ZS EV,2019,Petrol,Automatic,2606663,13.4,1997,7,Premium,3,Yes,No,7,Vulnerability Management
Maruti,Grand Vitara,2019,Petrol,Manual,2563393,26.2,1497,6,Premium,1,No,No,7,Threat Detection
Maruti,Brezza,2022,Hybrid,Automatic,1648763,19.4,1498,5,Midrange,1,No,No,4,Threat Detection
Kia,Carens,2025,Hybrid,Automatic,2050100,24.7,998,5,Midrange,2,Yes,No,1,Vulnerability Management
Mahindra,ScorpioN,2024,Petrol,Automatic,1576170,24.6,2184,5,Midrange,2,Yes,Yes,2,Vulnerability Management
Tata,Safari,2020,Diesel,Manual,1449827,24.2,1997,7,Midrange,3,Yes,No,6,OTA Security
Maruti,Brezza,2020,Petrol,Manual,1059103,12.6,1498,5,Budget,0,No,No,6,Basic Monitoring
MG,ZS EV,2021,Diesel,CVT,984424,17.4,1497,5,Budget,2,Yes,Yes,5,OTA Security
Tata,Nexon,2023,Diesel,Manual,1070386,28.5,1197,7,Budget,2,No,No,3,Basic Monitoring
MG,Astor,2021,Electric,DCT,2292020,392.2,0,5,Midrange,2,No,No,5,OTA Security
MG,Hector,2022,Petrol,Manual,792135,12.2,1497,7,Budget,0,No,No,4,Basic Monitoring
Honda,City,2022,Electric,DCT,3180238,577.5,0,7,Premium,2,Yes,No,4,Vulnerability Management
Honda,Amaze,2020,Hybrid,Automatic,1780212,13,1997,7,Midrange,3,No,No,6,OTA Security
Kia,Carens,2019,Electric,DCT,2096664,543.8,0,5,Midrange,1,No,No,7,Threat Detection
Maruti,Grand Vitara,2023,Hybrid,Manual,2094122,25.7,1997,5,Midrange,3,Yes,Yes,3,Premium Cyber Suite
Tata,Safari,2018,Electric,DCT,1335371,462.3,0,5,Budget,3,Yes,Yes,8,Premium Cyber Suite
Kia,Seltos,2019,Hybrid,CVT,1990365,27.2,1997,5,Midrange,2,No,No,7,Threat Detection
Mahindra,XUV700,2026,Petrol,Automatic,647541,15.5,998,5,Budget,3,Yes,Yes,0,Vulnerability Management
Honda,Elevate,2021,Electric,DCT,1920442,353.9,0,6,Midrange,0,No,No,5,Basic Monitoring
MG,Astor,2019,Hybrid,Manual,1365567,23.9,1497,5,Budget,2,Yes,Yes,7,Vulnerability Management
MG,Hector,2024,Petrol,CVT,1764700,25.4,1197,7,Midrange,1,No,No,2,Basic Monitoring
Hyundai,Creta,2024,Electric,CVT,2078909,489.6,0,7,Midrange,0,No,No,2,Threat Detection
Hyundai,Creta,2024,Electric,DCT,3235919,256,0,7,Premium,1,No,No,2,Threat Detection
Mahindra,XUV700,2022,Petrol,Automatic,1374131,14.3,2184,5,Midrange,1,No,No,4,Basic Monitoring
MG,Hector,2024,Petrol,CVT,2598047,12.5,1197,5,Premium,2,No,No,2,Threat Detection
MG,Astor,2019,Hybrid,Manual,1672955,29,1497,6,Midrange,2,Yes,No,7,OTA Security
Mahindra,XUV700,2026,Diesel,Manual,676424,23.9,1497,7,Budget,0,No,No,0,Basic Monitoring
Honda,Amaze,2025,Hybrid,Manual,1142787,17.3,1197,5,Budget,3,Yes,Yes,1,Vulnerability Management
Honda,Amaze,2026,Electric,CVT,1687455,430.6,0,5,Budget,0,No,No,0,Basic Monitoring
Maruti,Brezza,2022,Diesel,Manual,3895383,17.4,1498,5,Luxury,1,Yes,Yes,4,Vulnerability Management
MG,Hector,2023,Petrol,Automatic,643742,22.5,1497,6,Budget,2,No,No,3,Basic Monitoring
Maruti,Baleno,2022,Petrol,Manual,1628731,21.3,1498,7,Midrange,2,Yes,Yes,4,Vulnerability Management
MG,Astor,2024,Petrol,Automatic,4121568,23.9,998,6,Luxury,2,Yes,Yes,2,Premium Cyber Suite
Mahindra,XUV700,2018,Electric,DCT,3355153,572.7,0,6,Premium,0,No,No,8,Threat Detection
Kia,Carens,2025,Electric,Manual,1908086,516,0,5,Midrange,1,Yes,Yes,1,Vulnerability Management
Honda,Amaze,2021,Diesel,DCT,1461501,14.2,1498,7,Midrange,0,No,No,5,Basic Monitoring
Tata,Harrier,2021,Petrol,Manual,787908,19.4,1197,5,Budget,3,No,No,5,Threat Detection
Honda,Amaze,2021,Petrol,Automatic,1723534,25.7,1498,7,Midrange,2,No,No,5,Threat Detection
Maruti,Grand Vitara,2024,Hybrid,Manual,2792707,21.6,1197,5,Premium,2,No,No,2,OTA Security
Mahindra,Thar,2026,Electric,CVT,1314469,264.6,0,7,Budget,0,No,No,0,Basic Monitoring
Honda,Elevate,2026,Hybrid,Automatic,2854257,23,1498,5,Premium,3,Yes,Yes,0,Premium Cyber Suite
Honda,Amaze,2021,Diesel,Manual,770631,16.2,2184,5,Budget,2,Yes,Yes,5,OTA Security
Hyundai,Venue,2023,Electric,Automatic,3214415,495,0,6,Premium,2,No,No,3,OTA Security
Kia,Carens,2025,Electric,Manual,2270018,385,0,5,Midrange,2,No,No,1,OTA Security
Maruti,Grand Vitara,2023,Hybrid,CVT,2014139,16,1997,6,Midrange,2,Yes,Yes,3,Premium Cyber Suite
Honda,Elevate,2019,Hybrid,CVT,2064896,21.5,1498,5,Midrange,0,No,No,7,Threat Detection
Tata,Nexon,2021,Petrol,Automatic,1037817,27.1,998,5,Budget,0,No,No,5,Basic Monitoring
MG,Astor,2020,Petrol,Manual,747201,15.9,2184,7,Budget,2,No,No,6,Basic Monitoring
Mahindra,ScorpioN,2024,Diesel,Manual,1701757,12.9,998,7,Midrange,1,No,No,2,Basic Monitoring
Tata,Harrier,2018,Hybrid,Manual,1602625,27.7,1498,5,Midrange,0,No,No,8,Basic Monitoring
Honda,Amaze,2024,Diesel,Automatic,781361,18.2,1997,5,Budget,1,Yes,No,2,Threat Detection
Maruti,Brezza,2024,Diesel,Manual,2511235,23.3,2184,5,Premium,2,Yes,Yes,2,Vulnerability Management
Maruti,Baleno,2022,Diesel,Manual,1380298,18.3,1498,5,Midrange,2,No,No,4,Threat Detection
Honda,Amaze,2018,Petrol,Manual,2487389,23.7,2184,5,Premium,3,Yes,No,8,Vulnerability Management
Toyota,Fortuner,2025,Diesel,CVT,1346840,15.9,1997,5,Midrange,3,Yes,Yes,1,Vulnerability Management
Maruti,Grand Vitara,2026,Petrol,Automatic,894219,27,1497,5,Budget,2,No,No,0,Basic Monitoring
Hyundai,Verna,2026,Petrol,Automatic,1380308,17.4,1497,7,Midrange,2,No,No,0,Threat Detection
Mahindra,ScorpioN,2021,Hybrid,Automatic,1183900,25.7,1997,5,Budget,0,No,No,5,Basic Monitoring
MG,Hector,2025,Diesel,Automatic,2605318,17.5,1997,5,Premium,3,Yes,Yes,1,Premium Cyber Suite
Toyota,Hyryder,2022,Petrol,CVT,1644584,22.1,1197,5,Midrange,1,Yes,Yes,4,OTA Security
Kia,Carens,2018,Diesel,DCT,1456478,20.3,998,5,Midrange,3,Yes,Yes,8,Vulnerability Management
Tata,Nexon,2019,Electric,Automatic,2350262,334.1,0,5,Midrange,1,Yes,No,7,OTA Security
Kia,Carens,2026,Diesel,Manual,4045523,16,1497,6,Luxury,3,Yes,Yes,0,Premium Cyber Suite
Kia,Seltos,2024,Diesel,CVT,1412195,14.6,1497,5,Midrange,2,Yes,Yes,2,Vulnerability Management
Honda,Amaze,2018,Electric,Automatic,2338658,355.5,0,6,Midrange,1,No,No,8,Threat Detection
Honda,Amaze,2019,Hybrid,Automatic,1370771,23.5,1197,6,Budget,3,Yes,Yes,7,Premium Cyber Suite
Mahindra,XUV700,2021,Hybrid,Automatic,4258309,16.5,1997,6,Luxury,1,Yes,Yes,5,Premium Cyber Suite
Hyundai,Venue,2025,Hybrid,Automatic,3030186,14.2,1497,5,Premium,2,No,No,1,OTA Security
Honda,City,2026,Hybrid,Automatic,1274281,15.4,1498,5,Budget,2,Yes,Yes,0,Vulnerability Management
Tata,Nexon,2025,Petrol,Automatic,1320611,18.9,1997,5,Midrange,2,Yes,Yes,1,Vulnerability Management
Tata,Harrier,2026,Diesel,Automatic,3963892,14.8,2184,5,Luxury,1,Yes,No,0,OTA Security
Toyota,Hyryder,2026,Hybrid,DCT,1810661,19.7,1197,5,Midrange,2,Yes,Yes,0,Vulnerability Management
Honda,Amaze,2026,Diesel,Manual,667154,16.9,998,5,Budget,0,No,No,0,Basic Monitoring
Toyota,Innova,2019,Hybrid,Automatic,999384,27.4,1197,6,Budget,0,No,No,7,Basic Monitoring
Kia,Carens,2021,Diesel,CVT,3964442,22.2,1498,5,Luxury,1,No,No,5,Threat Detection
Kia,Carens,2018,Petrol,CVT,4149993,25,1497,6,Luxury,0,Yes,Yes,8,Vulnerability Management
Honda,Amaze,2020,Petrol,Manual,1045540,24,1197,6,Budget,1,No,No,6,Basic Monitoring
Kia,Carens,2019,Petrol,Automatic,2504650,13.6,1197,5,Premium,1,No,No,7,Threat Detection
Toyota,Fortuner,2019,Petrol,Automatic,1383396,20.8,2184,7,Midrange,2,Yes,Yes,7,Vulnerability Management
Mahindra,ScorpioN,2022,Petrol,CVT,1438467,24.6,1197,5,Midrange,2,Yes,No,4,OTA Security
Honda,Elevate,2022,Electric,Manual,1604994,517.6,0,5,Budget,2,No,No,4,Threat Detection
Hyundai,Creta,2024,Electric,Manual,4760264,476.8,0,7,Luxury,1,Yes,Yes,2,Premium Cyber Suite
Hyundai,Verna,2021,Diesel,DCT,1457762,27.5,998,5,Midrange,2,Yes,No,5,OTA Security
Maruti,Baleno,2020,Petrol,DCT,873797,13.1,998,5,Budget,1,Yes,Yes,6,OTA Security
Mahindra,ScorpioN,2020,Diesel,DCT,600849,19.1,1497,6,Budget,1,No,No,6,Basic Monitoring
MG,ZS EV,2018,Electric,Automatic,1956836,300.5,0,7,Midrange,3,Yes,Yes,8,Premium Cyber Suite
Honda,City,2025,Diesel,Automatic,2633713,21,998,5,Premium,1,No,No,1,Threat Detection
Maruti,Baleno,2018,Hybrid,Manual,1901100,14.9,1497,5,Midrange,1,Yes,No,8,OTA Security
Maruti,Grand Vitara,2024,Diesel,Manual,1510385,24.3,1197,7,Midrange,0,No,No,2,Basic Monitoring
Tata,Harrier,2022,Hybrid,Automatic,4477129,17.4,1497,5,Luxury,2,Yes,Yes,4,Premium Cyber Suite
MG,Astor,2018,Petrol,Manual,2592895,14.6,1498,6,Premium,2,Yes,No,8,OTA Security
Tata,Harrier,2022,Petrol,DCT,3835119,14.5,1497,5,Luxury,2,Yes,Yes,4,Premium Cyber Suite
Maruti,Brezza,2020,Petrol,Automatic,2696745,20.2,1497,7,Premium,0,No,No,6,Basic Monitoring
Tata,Nexon,2021,Petrol,DCT,1696364,23.2,998,5,Midrange,1,Yes,Yes,5,OTA Security
Maruti,Grand Vitara,2025,Petrol,CVT,2551667,18.8,1197,5,Premium,1,No,No,1,Threat Detection
Hyundai,Creta,2020,Hybrid,Manual,4501162,16.4,998,7,Luxury,0,No,No,6,Threat Detection
Honda,Elevate,2026,Electric,Automatic,2203137,551.8,0,6,Midrange,0,Yes,No,0,OTA Security
Hyundai,Venue,2025,Petrol,Automatic,617122,28.3,1997,5,Budget,1,No,No,1,Basic Monitoring
Hyundai,Creta,2022,Electric,Automatic,1248875,516.3,0,7,Budget,3,Yes,No,4,Vulnerability Management
Honda,City,2021,Diesel,Automatic,892213,20.2,2184,6,Budget,1,No,No,5,Basic Monitoring
Tata,Nexon,2024,Petrol,Manual,4143961,26.4,1498,5,Luxury,2,No,No,2,OTA Security
Hyundai,Verna,2025,Hybrid,Manual,1038515,25.1,1497,6,Budget,2,Yes,No,1,OTA Security
Kia,Sonet,2019,Hybrid,Manual,1179618,29.7,2184,5,Budget,3,Yes,Yes,7,Vulnerability Management
Hyundai,Verna,2019,Electric,Automatic,3343089,522.8,0,7,Premium,1,Yes,Yes,7,Vulnerability Management
Honda,Amaze,2022,Electric,Automatic,1256362,451.6,0,6,Budget,0,No,No,4,Basic Monitoring
Kia,Sonet,2023,Petrol,Automatic,1541872,20.2,1197,6,Midrange,0,No,No,3,Basic Monitoring
Toyota,Innova,2026,Petrol,DCT,1697521,29.2,1498,7,Midrange,1,Yes,Yes,0,OTA Security
Honda,Amaze,2024,Petrol,Automatic,2682160,29.2,2184,6,Premium,2,No,No,2,Threat Detection
Hyundai,Creta,2026,Petrol,Automatic,1317705,27.9,1498,6,Midrange,2,No,No,0,Threat Detection
Honda,Elevate,2018,Hybrid,Manual,2032754,22.6,2184,6,Midrange,1,Yes,Yes,8,Vulnerability Management
Hyundai,Verna,2019,Petrol,Automatic,787480,19.5,1197,5,Budget,0,No,No,7,Basic Monitoring
Maruti,Baleno,2020,Petrol,Manual,1093690,23.1,1197,5,Budget,2,Yes,Yes,6,OTA Security
Kia,Sonet,2018,Hybrid,CVT,3037528,22.2,1497,5,Premium,2,No,No,8,OTA Security
Tata,Harrier,2023,Hybrid,Manual,2061349,22.8,998,5,Midrange,1,No,No,3,Threat Detection
Honda,City,2025,Hybrid,Manual,3051666,22,1497,7,Premium,3,Yes,No,1,Vulnerability Management
MG,Hector,2021,Petrol,DCT,1700906,16.6,1497,5,Midrange,2,No,No,5,Threat Detection
Kia,Seltos,2026,Electric,Manual,4615061,366.6,0,5,Luxury,2,Yes,Yes,0,Premium Cyber Suite
MG,Astor,2024,Diesel,Automatic,1508083,22.6,1197,5,Midrange,0,Yes,Yes,2,OTA Security
Hyundai,Creta,2019,Electric,Manual,3225809,446.1,0,6,Premium,3,No,No,7,OTA Security
Toyota,Hyryder,2020,Diesel,Automatic,1553774,20.9,2184,5,Midrange,0,No,No,6,Basic Monitoring
Kia,Seltos,2022,Diesel,CVT,1028570,22.4,1497,5,Budget,0,No,No,4,Basic Monitoring
Hyundai,Venue,2018,Petrol,CVT,1565582,24.6,1197,7,Midrange,0,Yes,Yes,8,OTA Security
MG,Hector,2023,Hybrid,Manual,1257095,25.5,998,6,Budget,0,No,No,3,Basic Monitoring
Honda,Elevate,2023,Electric,Manual,1461247,493.7,0,5,Budget,2,No,No,3,Threat Detection
Kia,Sonet,2024,Petrol,Automatic,1309388,24.2,1498,5,Midrange,2,Yes,Yes,2,Vulnerability Management
Kia,Seltos,2018,Petrol,Automatic,880260,28.8,1197,5,Budget,3,Yes,Yes,8,Vulnerability Management
Tata,Safari,2023,Diesel,Automatic,4161126,12.2,998,5,Luxury,2,Yes,Yes,3,Premium Cyber Suite
Kia,Sonet,2025,Electric,Manual,1454503,436,0,7,Budget,0,No,No,1,Basic Monitoring
Hyundai,Verna,2025,Petrol,Automatic,2596482,27.2,1498,5,Premium,1,No,No,1,Threat Detection
Tata,Safari,2020,Petrol,Automatic,1044798,14.3,1197,5,Budget,2,Yes,Yes,6,OTA Security
MG,ZS EV,2022,Diesel,CVT,2606965,18.2,2184,5,Premium,1,Yes,No,4,OTA Security
Honda,City,2019,Diesel,Manual,1532590,29.5,1498,5,Midrange,0,No,No,7,Basic Monitoring
MG,Hector,2019,Electric,DCT,4556776,394.2,0,6,Luxury,2,Yes,Yes,7,Premium Cyber Suite
Mahindra,ScorpioN,2019,Diesel,Automatic,1393227,29.6,1498,6,Midrange,1,No,No,7,Basic Monitoring
Toyota,Hyryder,2024,Hybrid,Automatic,1294000,23.3,1497,5,Budget,1,Yes,Yes,2,Vulnerability Management
MG,Astor,2025,Petrol,DCT,1549850,25.5,1497,5,Midrange,0,No,No,1,Basic Monitoring
Tata,Nexon,2018,Hybrid,Manual,4439358,22.5,1498,5,Luxury,0,Yes,Yes,8,Vulnerability Management
Tata,Safari,2018,Diesel,Manual,966478,17.2,1197,6,Budget,1,Yes,Yes,8,OTA Security
Maruti,Baleno,2020,Petrol,Manual,617329,16.2,1997,5,Budget,1,No,No,6,Basic Monitoring
Kia,Carens,2018,Electric,Automatic,1326734,513.2,0,5,Budget,0,No,No,8,Basic Monitoring
Mahindra,ScorpioN,2022,Electric,Manual,4572102,254.5,0,5,Luxury,1,No,No,4,OTA Security
Hyundai,Verna,2022,Petrol,Automatic,772993,16.9,1497,5,Budget,2,No,No,4,Basic Monitoring
Mahindra,Thar,2026,Diesel,CVT,4139413,28.4,1498,6,Luxury,2,Yes,Yes,0,Premium Cyber Suite
Hyundai,Venue,2021,Electric,Manual,1426112,505,0,5,Budget,2,Yes,Yes,5,Vulnerability Management
Maruti,Grand Vitara,2018,Petrol,Manual,1308335,23.5,1498,5,Midrange,2,No,No,8,Threat Detection
MG,Hector,2019,Electric,Automatic,2136773,363.7,0,5,Midrange,1,Yes,Yes,7,Vulnerability Management
Tata,Safari,2022,Petrol,Manual,1558321,25.5,2184,6,Midrange,2,No,No,4,Threat Detection
MG,Hector,2022,Electric,Manual,1321214,361.8,0,5,Budget,2,Yes,Yes,4,Vulnerability Management
Mahindra,Thar,2023,Petrol,Automatic,1475308,21.2,1197,5,Midrange,1,Yes,Yes,3,OTA Security
Tata,Harrier,2021,Petrol,Manual,2656103,17.6,1197,5,Premium,1,Yes,Yes,5,Vulnerability Management
Kia,Sonet,2022,Petrol,Automatic,1674645,18.2,1497,5,Midrange,2,Yes,Yes,4,Vulnerability Management
Maruti,Brezza,2020,Petrol,Manual,614856,17.8,1498,5,Budget,1,Yes,No,6,Threat Detection
Kia,Carens,2018,Petrol,Manual,1660226,19.1,998,5,Midrange,2,No,No,8,Threat Detection
Mahindra,ScorpioN,2023,Electric,Manual,1619841,519.7,0,5,Budget,2,No,No,3,Threat Detection
Hyundai,Creta,2023,Electric,Manual,3282324,516.7,0,5,Premium,2,Yes,Yes,3,Premium Cyber Suite
MG,ZS EV,2023,Hybrid,CVT,1860139,19.1,1197,5,Midrange,3,No,No,3,OTA Security
Mahindra,ScorpioN,2024,Petrol,CVT,1690584,13.3,2184,7,Midrange,1,No,No,2,Basic Monitoring
Honda,Amaze,2024,Petrol,Manual,2300406,17.6,1497,5,Premium,1,No,No,2,Threat Detection
Tata,Harrier,2026,Hybrid,Automatic,1941904,17.5,2184,5,Midrange,1,Yes,No,0,OTA Security
Maruti,Brezza,2026,Petrol,CVT,623137,25.2,998,5,Budget,0,Yes,Yes,0,Threat Detection
Mahindra,ScorpioN,2026,Diesel,Automatic,1408592,28.1,2184,5,Midrange,0,No,No,0,Basic Monitoring
Maruti,Brezza,2026,Diesel,Automatic,1671049,24.3,1498,7,Midrange,1,Yes,Yes,0,OTA Security
Tata,Harrier,2018,Hybrid,Automatic,4497801,18.8,1197,7,Luxury,2,No,No,8,OTA Security
Tata,Nexon,2025,Electric,Automatic,1200931,289.3,0,5,Budget,2,No,No,1,Threat Detection
MG,ZS EV,2021,Diesel,Automatic,844375,24.8,998,7,Budget,1,No,No,5,Basic Monitoring
Toyota,Fortuner,2024,Diesel,DCT,1613741,18.7,2184,5,Midrange,2,No,No,2,Threat Detection
Honda,Elevate,2026,Petrol,Automatic,803176,29,1498,7,Budget,1,No,No,0,Basic Monitoring
Maruti,Grand Vitara,2023,Petrol,Automatic,2768302,18.4,998,5,Premium,0,No,No,3,Basic Monitoring
Honda,Elevate,2021,Electric,Manual,3164126,403.6,0,7,Premium,0,No,No,5,Threat Detection
Mahindra,XUV700,2018,Petrol,Automatic,4024669,16.3,1498,6,Luxury,1,No,No,8,Threat Detection
MG,ZS EV,2018,Hybrid,Manual,1892138,14.9,1498,5,Midrange,1,No,No,8,Threat Detection
Honda,Elevate,2026,Diesel,Manual,2375275,29.2,1497,5,Premium,1,Yes,No,0,OTA Security
Honda,City,2018,Electric,Manual,4665961,455.2,0,7,Luxury,3,Yes,Yes,8,Premium Cyber Suite
Toyota,Hyryder,2025,Diesel,Automatic,1550772,19.1,998,5,Midrange,0,No,No,1,Basic Monitoring
Kia,Seltos,2026,Petrol,Automatic,904224,17.5,1197,5,Budget,0,Yes,Yes,0,Threat Detection
MG,Astor,2022,Petrol,DCT,1637546,19.4,1498,5,Midrange,1,No,No,4,Basic Monitoring
MG,Astor,2021,Petrol,Automatic,2382188,23.4,998,5,Premium,0,Yes,Yes,5,OTA Security
Mahindra,XUV700,2021,Petrol,Manual,3820422,20.1,998,5,Luxury,1,No,No,5,Threat Detection
Honda,City,2023,Diesel,Automatic,2353628,15,1997,5,Premium,3,No,No,3,OTA Security
Honda,City,2024,Diesel,Manual,1360166,21.5,1497,5,Midrange,2,Yes,Yes,2,Vulnerability Management
MG,Astor,2018,Diesel,Automatic,643462,26.9,1497,5,Budget,1,Yes,Yes,8,OTA Security
Kia,Seltos,2018,Petrol,CVT,891148,27.1,1197,5,Budget,0,No,No,8,Basic Monitoring
Toyota,Innova,2021,Diesel,Manual,1094415,14,1997,5,Budget,0,No,No,5,Basic Monitoring
Mahindra,ScorpioN,2024,Diesel,CVT,4213131,24.1,1498,5,Luxury,0,No,No,2,Threat Detection
Maruti,Brezza,2018,Petrol,DCT,2757890,14.2,998,7,Premium,1,No,No,8,Threat Detection
Mahindra,Thar,2023,Electric,Automatic,2214178,446.1,0,5,Midrange,0,Yes,Yes,3,Vulnerability Management
Kia,Seltos,2018,Petrol,Manual,996161,30,1997,5,Budget,0,Yes,No,8,Basic Monitoring
Kia,Seltos,2023,Electric,Automatic,1365078,250.8,0,5,Budget,2,Yes,Yes,3,Vulnerability Management
MG,ZS EV,2026,Petrol,Manual,2715437,19,998,5,Premium,0,No,No,0,Basic Monitoring
MG,Astor,2021,Petrol,Manual,1023226,16.9,1498,5,Budget,1,No,No,5,Basic Monitoring
Mahindra,ScorpioN,2023,Hybrid,Automatic,928653,27.4,1498,5,Budget,1,Yes,Yes,3,OTA Security
Kia,Carens,2026,Diesel,Automatic,919007,30,1497,5,Budget,0,Yes,Yes,0,Threat Detection
Mahindra,Thar,2024,Electric,Manual,2908871,372.7,0,5,Premium,1,Yes,No,2,OTA Security
Tata,Harrier,2025,Electric,Automatic,1638575,392.1,0,5,Budget,0,Yes,Yes,1,OTA Security
Kia,Sonet,2019,Petrol,Manual,1088123,29.1,1498,6,Budget,1,Yes,Yes,7,OTA Security
Kia,Carens,2024,Hybrid,Automatic,2909823,12.2,2184,5,Premium,1,Yes,Yes,2,Vulnerability Management
Maruti,Brezza,2018,Electric,DCT,2145647,584.5,0,5,Midrange,0,Yes,Yes,8,Vulnerability Management
MG,Hector,2022,Diesel,CVT,2789806,14,998,6,Premium,0,No,No,4,Basic Monitoring
Hyundai,Verna,2024,Electric,DCT,1212386,280.1,0,5,Budget,0,Yes,Yes,2,OTA Security
Honda,Amaze,2024,Diesel,Manual,947067,25.1,2184,5,Budget,1,No,No,2,Basic Monitoring
Honda,City,2021,Diesel,Manual,2313900,18.5,998,5,Premium,2,No,No,5,Threat Detection
Kia,Carens,2020,Petrol,Automatic,1677141,20.6,1498,5,Midrange,1,Yes,Yes,6,OTA Security
Hyundai,Venue,2021,Electric,CVT,3264102,503,0,5,Premium,3,Yes,Yes,5,Premium Cyber Suite
Honda,Amaze,2024,Electric,DCT,1525967,534.2,0,7,Budget,0,No,No,2,Basic Monitoring
MG,Astor,2019,Petrol,Manual,3926576,25.8,1997,6,Luxury,1,Yes,Yes,7,Vulnerability Management
MG,ZS EV,2024,Petrol,Automatic,1550447,20.3,1197,5,Midrange,3,No,No,2,Threat Detection
Hyundai,Venue,2020,Petrol,Automatic,2592181,18.7,1497,6,Premium,2,No,No,6,Threat Detection
Kia,Sonet,2021,Electric,Automatic,1908166,476.1,0,5,Midrange,0,Yes,No,5,Threat Detection
MG,ZS EV,2021,Diesel,Manual,1549265,25,1498,6,Midrange,2,No,No,5,Threat Detection
Mahindra,ScorpioN,2023,Petrol,CVT,1472630,19,998,5,Midrange,0,No,No,3,Basic Monitoring
Tata,Safari,2019,Hybrid,CVT,1304078,13.3,998,7,Budget,2,Yes,Yes,7,Vulnerability Management
MG,ZS EV,2026,Petrol,Manual,2626886,27.4,998,5,Premium,2,Yes,No,0,OTA Security
Mahindra,Thar,2021,Diesel,Manual,4236316,29.1,2184,7,Luxury,2,Yes,Yes,5,Premium Cyber Suite
Maruti,Grand Vitara,2020,Petrol,DCT,738252,28,1498,5,Budget,2,Yes,Yes,6,OTA Security
Maruti,Grand Vitara,2023,Hybrid,Manual,937655,14.5,1498,5,Budget,2,Yes,Yes,3,Vulnerability Management
Hyundai,Verna,2024,Electric,Manual,2234535,328.2,0,5,Midrange,2,No,No,2,OTA Security
Mahindra,XUV700,2024,Petrol,Manual,1618531,17.7,2184,7,Midrange,1,No,No,2,Basic Monitoring
Hyundai,Venue,2025,Diesel,Manual,718136,24.8,2184,5,Budget,2,No,No,1,Basic Monitoring
Mahindra,ScorpioN,2020,Hybrid,Automatic,2932956,28.4,1197,6,Premium,2,No,No,6,OTA Security
Toyota,Innova,2022,Diesel,Automatic,1750927,23.1,1497,5,Midrange,0,Yes,Yes,4,OTA Security
Kia,Carens,2026,Petrol,DCT,2691639,25.1,1498,7,Premium,2,No,No,0,Threat Detection
Hyundai,Creta,2019,Petrol,DCT,823391,21.4,1497,7,Budget,1,No,No,7,Basic Monitoring
MG,Hector,2019,Electric,Manual,2253797,519.8,0,6,Midrange,2,No,No,7,OTA Security
Mahindra,ScorpioN,2026,Diesel,Automatic,786819,12.3,2184,5,Budget,2,No,No,0,Basic Monitoring
Maruti,Brezza,2025,Petrol,Automatic,2508056,17.8,1497,5,Premium,1,Yes,Yes,1,Vulnerability Management
Tata,Nexon,2023,Petrol,Automatic,1556746,28.5,1997,5,Midrange,1,Yes,Yes,3,OTA Security
Honda,Elevate,2023,Hybrid,Manual,4527883,16.8,998,5,Luxury,0,No,No,3,Threat Detection
Hyundai,Venue,2021,Electric,DCT,2014513,387.5,0,6,Midrange,2,Yes,No,5,Vulnerability Management
Maruti,Brezza,2019,Petrol,DCT,1045729,21.8,1497,6,Budget,0,Yes,Yes,7,Threat Detection
Toyota,Fortuner,2026,Hybrid,Automatic,1032511,16,1197,5,Budget,3,Yes,Yes,0,Vulnerability Management
Tata,Harrier,2026,Diesel,Manual,1420338,25.7,1497,7,Midrange,2,No,No,0,Threat Detection
Honda,City,2020,Petrol,Manual,835504,20.5,2184,5,Budget,2,Yes,Yes,6,OTA Security
Maruti,Baleno,2020,Diesel,Automatic,2409754,25.2,1497,5,Premium,2,Yes,Yes,6,Vulnerability Management
Honda,City,2018,Petrol,Automatic,869100,16.6,1197,5,Budget,0,Yes,Yes,8,Threat Detection
Maruti,Brezza,2021,Hybrid,Manual,1836871,25.4,1997,5,Midrange,0,Yes,Yes,5,OTA Security
Tata,Safari,2021,Hybrid,Automatic,2935410,18,1197,7,Premium,1,No,No,5,Threat Detection
Hyundai,Venue,2020,Electric,Automatic,2958645,397.7,0,6,Premium,3,Yes,Yes,6,Premium Cyber Suite
Maruti,Baleno,2025,Hybrid,Manual,1349906,28.4,998,5,Budget,0,No,No,1,Basic Monitoring
Maruti,Brezza,2024,Petrol,Automatic,959543,21.9,998,5,Budget,1,Yes,Yes,2,OTA Security
Hyundai,Venue,2024,Petrol,Automatic,1663487,13.7,1497,5,Midrange,0,Yes,Yes,2,OTA Security
Honda,City,2024,Diesel,DCT,1683153,14.9,1497,5,Midrange,2,Yes,Yes,2,Vulnerability Management
Mahindra,Thar,2021,Hybrid,Manual,2889760,15.5,1498,6,Premium,3,Yes,No,5,Vulnerability Management
Kia,Seltos,2023,Electric,Automatic,4846081,578.4,0,5,Luxury,2,Yes,Yes,3,Premium Cyber Suite
Honda,City,2019,Petrol,DCT,2728380,19.8,1197,6,Premium,1,No,No,7,Threat Detection
MG,Astor,2026,Diesel,Manual,643230,29.4,998,5,Budget,3,Yes,Yes,0,Vulnerability Management
Honda,Amaze,2026,Petrol,CVT,1738708,27.2,1197,5,Midrange,1,Yes,No,0,Threat Detection
Toyota,Innova,2023,Electric,CVT,2091084,527.7,0,7,Midrange,2,Yes,Yes,3,Premium Cyber Suite
Maruti,Grand Vitara,2023,Diesel,Automatic,3846275,22.7,1997,5,Luxury,0,Yes,Yes,3,Vulnerability Management
Tata,Safari,2022,Hybrid,Automatic,4331814,13.9,1498,5,Luxury,3,Yes,No,4,Premium Cyber Suite
Honda,Amaze,2025,Electric,Manual,3360426,308.8,0,5,Premium,1,No,No,1,Threat Detection
Toyota,Fortuner,2024,Hybrid,Automatic,1604069,24.3,998,5,Midrange,3,Yes,Yes,2,Premium Cyber Suite
Toyota,Fortuner,2025,Petrol,DCT,2692010,22.9,2184,6,Premium,1,No,No,1,Threat Detection
Mahindra,ScorpioN,2019,Diesel,DCT,1790230,27.3,1197,7,Midrange,0,No,No,7,Basic Monitoring
MG,Astor,2026,Electric,Automatic,2976301,587.1,0,7,Premium,1,No,No,0,Threat Detection
Maruti,Baleno,2019,Diesel,CVT,2601665,12.9,1997,5,Premium,1,No,No,7,Threat Detection
Tata,Harrier,2021,Diesel,Manual,1620717,23.8,1497,5,Midrange,2,No,No,5,Threat Detection
Honda,Elevate,2022,Electric,Manual,1222657,539.9,0,6,Budget,1,No,No,4,Threat Detection
Mahindra,ScorpioN,2023,Petrol,Manual,2735339,24.4,998,5,Premium,1,No,No,3,Threat Detection
Toyota,Innova,2026,Petrol,Automatic,1628558,25.3,1498,7,Midrange,2,No,No,0,Threat Detection
Maruti,Grand Vitara,2026,Electric,Automatic,3383358,529.1,0,5,Premium,2,Yes,Yes,0,Premium Cyber Suite
Maruti,Grand Vitara,2026,Petrol,CVT,4155042,24.5,998,6,Luxury,0,No,No,0,Threat Detection
Hyundai,Verna,2025,Diesel,Automatic,2659704,23.6,998,6,Premium,2,Yes,Yes,1,Vulnerability Management
Toyota,Innova,2020,Petrol,Manual,2468583,22.5,1997,5,Premium,1,Yes,Yes,6,Vulnerability Management
Mahindra,Thar,2023,Hybrid,Manual,945612,28.7,2184,6,Budget,2,No,No,3,Threat Detection
Honda,City,2020,Diesel,Manual,1473546,16.7,2184,5,Midrange,2,Yes,Yes,6,Vulnerability Management
Toyota,Fortuner,2020,Petrol,Automatic,822235,16.4,1497,5,Budget,2,Yes,Yes,6,OTA Security
Honda,Elevate,2025,Electric,Manual,4419266,318.1,0,5,Luxury,0,Yes,Yes,1,Vulnerability Management
Kia,Sonet,2022,Hybrid,CVT,983947,28.7,1997,5,Budget,0,No,No,4,Basic Monitoring
Mahindra,ScorpioN,2018,Electric,Manual,2112452,567.2,0,7,Midrange,0,Yes,No,8,OTA Security
Toyota,Hyryder,2018,Petrol,Manual,1664366,28.9,1497,5,Midrange,1,No,No,8,Basic Monitoring
Honda,Elevate,2023,Petrol,DCT,774498,21.7,2184,5,Budget,1,Yes,Yes,3,OTA Security
Toyota,Fortuner,2020,Diesel,CVT,979151,12.6,1997,5,Budget,2,Yes,No,6,Threat Detection
Toyota,Innova,2024,Hybrid,DCT,3097046,22.1,1197,5,Premium,3,No,No,2,OTA Security
Mahindra,XUV700,2025,Petrol,Manual,654622,19.8,1498,5,Budget,1,No,No,1,Basic Monitoring
Hyundai,Venue,2019,Petrol,Manual,1409463,20.2,1997,6,Midrange,1,No,No,7,Basic Monitoring
Mahindra,XUV700,2024,Petrol,Manual,1659591,16.2,2184,5,Midrange,1,No,No,2,Basic Monitoring
Mahindra,Thar,2024,Hybrid,Automatic,1345697,15.1,1498,5,Budget,1,Yes,Yes,2,Vulnerability Management
Tata,Safari,2020,Electric,Automatic,2133031,360.4,0,7,Midrange,2,Yes,Yes,6,Premium Cyber Suite
Honda,Elevate,2026,Diesel,Automatic,887048,14.9,2184,7,Budget,3,Yes,Yes,0,Vulnerability Management
Tata,Nexon,2020,Diesel,Automatic,752639,18.6,1997,5,Budget,1,No,No,6,Basic Monitoring
Mahindra,Thar,2022,Diesel,Manual,1729115,26.9,1497,6,Midrange,2,Yes,Yes,4,Vulnerability Management
Mahindra,Thar,2022,Electric,DCT,1441713,493.2,0,6,Budget,1,No,No,4,Threat Detection
MG,Astor,2026,Petrol,Automatic,2666516,20.2,998,6,Premium,2,Yes,Yes,0,Vulnerability Management
Hyundai,Creta,2026,Diesel,Automatic,4086133,22.8,1997,5,Luxury,1,Yes,Yes,0,Vulnerability Management
Maruti,Baleno,2019,Hybrid,CVT,1129400,13.3,1997,6,Budget,0,Yes,No,7,Threat Detection
Tata,Harrier,2024,Hybrid,Automatic,2016755,29.3,1498,6,Midrange,1,No,No,2,Threat Detection
Kia,Sonet,2023,Diesel,Manual,1400090,25.7,1497,5,Midrange,3,No,No,3,Threat Detection
Honda,City,2023,Hybrid,Manual,3015132,13.5,1997,7,Premium,0,No,No,3,Threat Detection
Kia,Carens,2018,Diesel,Manual,2547087,25,1498,6,Premium,0,No,No,8,Basic Monitoring
Hyundai,Venue,2020,Petrol,Automatic,1097576,13,1197,5,Budget,0,No,No,6,Basic Monitoring
Maruti,Baleno,2023,Hybrid,Automatic,1679516,13,998,5,Midrange,2,Yes,Yes,3,Vulnerability Management
Tata,Safari,2018,Petrol,Automatic,2560236,12.2,998,5,Premium,2,Yes,Yes,8,Vulnerability Management
Honda,Amaze,2022,Diesel,Manual,2628580,15.2,998,5,Premium,1,No,No,4,Threat Detection
Mahindra,Thar,2025,Petrol,Automatic,1441049,23.8,1497,5,Midrange,2,No,No,1,Threat Detection
Maruti,Grand Vitara,2025,Hybrid,Manual,2781691,24.2,2184,5,Premium,0,No,No,1,Threat Detection
Mahindra,XUV700,2022,Petrol,Manual,1676857,26.2,1497,5,Midrange,1,Yes,No,4,Threat Detection
Toyota,Fortuner,2025,Electric,DCT,3355290,509.5,0,7,Premium,1,Yes,Yes,1,Vulnerability Management
MG,Hector,2026,Petrol,Automatic,1780894,18.2,998,6,Midrange,0,No,No,0,Basic Monitoring
Kia,Carens,2018,Hybrid,Automatic,1804988,23,1997,5,Midrange,1,Yes,Yes,8,Vulnerability Management
Toyota,Innova,2026,Diesel,Manual,786376,23.1,1997,6,Budget,1,Yes,Yes,0,OTA Security
Toyota,Fortuner,2022,Petrol,Manual,831406,13.6,998,7,Budget,2,Yes,No,4,Threat Detection
Honda,Amaze,2019,Electric,Manual,2370321,598.4,0,5,Midrange,1,No,No,7,Threat Detection
Toyota,Fortuner,2019,Petrol,CVT,1562185,25,1197,5,Midrange,2,Yes,Yes,7,Vulnerability Management
Tata,Nexon,2020,Petrol,CVT,781490,23.9,1197,5,Budget,2,No,No,6,Basic Monitoring
Honda,Elevate,2022,Diesel,Manual,1755993,27.6,2184,7,Midrange,3,Yes,Yes,4,Vulnerability Management
Mahindra,XUV700,2022,Diesel,Automatic,1583027,15.1,1197,6,Midrange,1,Yes,Yes,4,OTA Security
Hyundai,Venue,2026,Electric,Automatic,4861152,314.1,0,5,Luxury,0,Yes,Yes,0,Vulnerability Management
Tata,Harrier,2023,Electric,Automatic,3122205,399.8,0,7,Premium,1,No,No,3,Threat Detection
MG,Astor,2026,Diesel,DCT,1446161,17.3,998,5,Midrange,1,Yes,Yes,0,OTA Security
Kia,Seltos,2019,Electric,DCT,1690534,324.6,0,5,Budget,2,No,No,7,Threat Detection
Honda,Amaze,2024,Petrol,Automatic,1333555,28.1,1997,7,Midrange,3,Yes,Yes,2,Vulnerability Management
Tata,Nexon,2020,Electric,CVT,2312942,397.7,0,5,Midrange,1,No,No,6,Threat Detection
Maruti,Brezza,2019,Electric,Automatic,2971357,334,0,5,Premium,2,No,No,7,OTA Security
MG,ZS EV,2024,Petrol,Manual,765713,24.7,1498,5,Budget,3,Yes,Yes,2,Vulnerability Management
Toyota,Fortuner,2018,Petrol,Automatic,1723848,20.9,1997,6,Midrange,3,Yes,Yes,8,Vulnerability Management
Mahindra,ScorpioN,2022,Diesel,CVT,1751714,14.3,998,5,Midrange,0,No,No,4,Basic Monitoring
Tata,Harrier,2026,Electric,Automatic,2297565,395.7,0,5,Midrange,2,No,No,0,OTA Security
Kia,Sonet,2026,Petrol,Automatic,827021,13.4,998,5,Budget,1,No,No,0,Basic Monitoring
Mahindra,ScorpioN,2020,Petrol,Manual,1669566,28.7,1997,5,Midrange,1,Yes,Yes,6,OTA Security
Maruti,Baleno,2026,Hybrid,Manual,1681956,29.8,1498,5,Midrange,3,No,No,0,OTA Security
Honda,City,2018,Petrol,Automatic,2387850,20.3,2184,5,Premium,2,Yes,No,8,OTA Security
Toyota,Hyryder,2020,Electric,Manual,2100086,294.4,0,6,Midrange,1,No,No,6,Threat Detection
MG,Astor,2024,Petrol,DCT,2707789,25.3,998,5,Premium,1,Yes,Yes,2,Vulnerability Management
Mahindra,XUV700,2026,Electric,Automatic,2335768,584.8,0,5,Midrange,1,No,No,0,Threat Detection
Maruti,Brezza,2026,Petrol,Manual,1481906,29.6,2184,5,Midrange,2,No,No,0,Threat Detection
MG,ZS EV,2023,Electric,Manual,4467667,408.5,0,5,Luxury,3,No,No,3,Vulnerability Management
Tata,Harrier,2023,Petrol,Automatic,2546319,26,1197,5,Premium,1,No,No,3,Threat Detection
Mahindra,Thar,2023,Electric,CVT,4411872,517.2,0,5,Luxury,1,Yes,Yes,3,Premium Cyber Suite
Honda,Elevate,2023,Petrol,Automatic,1714054,20.1,1498,5,Midrange,2,Yes,Yes,3,Vulnerability Management
Kia,Seltos,2019,Diesel,DCT,1336254,23.5,1497,6,Midrange,1,No,No,7,Basic Monitoring
MG,ZS EV,2026,Petrol,CVT,2499289,21.3,1497,6,Premium,2,Yes,No,0,OTA Security
MG,Astor,2021,Petrol,Automatic,1336990,17.9,1997,6,Midrange,3,Yes,Yes,5,Vulnerability Management
MG,ZS EV,2018,Hybrid,Automatic,1255147,22.5,1997,5,Budget,2,No,No,8,Threat Detection
Mahindra,ScorpioN,2022,Petrol,Automatic,1611762,24.9,1197,5,Midrange,1,Yes,Yes,4,OTA Security
Tata,Safari,2019,Petrol,DCT,1754633,18.4,1997,7,Midrange,2,Yes,Yes,7,Vulnerability Management
Tata,Harrier,2026,Hybrid,Manual,1608864,20.2,1197,5,Midrange,3,Yes,Yes,0,Premium Cyber Suite
Maruti,Grand Vitara,2018,Petrol,Automatic,1568170,18.9,1997,6,Midrange,2,Yes,Yes,8,Vulnerability Management
Honda,Elevate,2022,Petrol,Automatic,1620657,12.5,1497,5,Midrange,2,No,No,4,Threat Detection
Toyota,Hyryder,2024,Petrol,Automatic,660153,27.1,998,7,Budget,1,Yes,No,2,Threat Detection
Toyota,Hyryder,2023,Electric,Automatic,1647343,271.6,0,6,Budget,2,Yes,No,3,OTA Security
Mahindra,XUV700,2024,Hybrid,Manual,1229857,18.7,1497,5,Budget,2,Yes,No,2,OTA Security
Honda,City,2018,Electric,Manual,2971044,341.7,0,5,Premium,1,Yes,Yes,8,Vulnerability Management
Tata,Safari,2026,Petrol,DCT,982091,15.1,998,5,Budget,1,No,No,0,Basic Monitoring
Kia,Sonet,2018,Hybrid,Manual,1305224,26.1,1997,5,Budget,1,Yes,No,8,OTA Security
Hyundai,Creta,2019,Electric,DCT,2335396,454,0,5,Midrange,2,Yes,Yes,7,Premium Cyber Suite
Tata,Harrier,2025,Diesel,Manual,1077572,17.8,1498,5,Budget,2,No,No,1,Basic Monitoring
Hyundai,Verna,2019,Electric,CVT,1358651,331.6,0,7,Budget,2,No,No,7,Threat Detection
Honda,Elevate,2019,Petrol,Automatic,1526704,19.7,1498,5,Midrange,2,No,No,7,Threat Detection
Mahindra,ScorpioN,2021,Petrol,Manual,2379029,24.5,1197,7,Premium,0,Yes,Yes,5,OTA Security
Hyundai,Creta,2018,Petrol,Automatic,1318019,22.8,1997,7,Midrange,0,No,No,8,Basic Monitoring
Hyundai,Verna,2024,Hybrid,Manual,1698700,24.2,1997,5,Midrange,0,No,No,2,Basic Monitoring
Mahindra,XUV700,2021,Petrol,Automatic,1728154,16.2,1498,6,Midrange,2,Yes,No,5,OTA Security
MG,ZS EV,2022,Electric,Automatic,1936283,326.2,0,7,Midrange,3,Yes,No,4,Vulnerability Management
Hyundai,Verna,2019,Electric,CVT,1918751,289.2,0,5,Midrange,1,No,No,7,Threat Detection
Mahindra,XUV700,2021,Petrol,CVT,1525369,16.6,1997,6,Midrange,0,No,No,5,Basic Monitoring
Maruti,Grand Vitara,2018,Electric,Automatic,2268760,478.6,0,5,Midrange,0,No,No,8,Threat Detection
Toyota,Fortuner,2024,Hybrid,Manual,2037910,23.6,2184,5,Midrange,0,No,No,2,Threat Detection
Hyundai,Verna,2018,Petrol,CVT,2744011,25.7,1997,7,Premium,3,No,No,8,OTA Security
Maruti,Brezza,2018,Diesel,CVT,781073,27.5,1498,6,Budget,2,Yes,No,8,Threat Detection
Toyota,Hyryder,2020,Electric,Manual,1931072,433,0,5,Midrange,0,Yes,Yes,6,OTA Security
Tata,Safari,2025,Electric,Manual,2193304,325.4,0,5,Midrange,1,Yes,Yes,1,Vulnerability Management
Maruti,Grand Vitara,2026,Hybrid,Manual,2884012,23.7,1197,6,Premium,2,Yes,Yes,0,Premium Cyber Suite
Honda,Amaze,2018,Electric,Automatic,1646126,543.5,0,5,Budget,3,No,No,8,OTA Security
Honda,Amaze,2023,Hybrid,Automatic,4159018,28.1,1498,5,Luxury,1,No,No,3,OTA Security
Toyota,Innova,2026,Electric,CVT,1459841,441.7,0,6,Budget,1,No,No,0,Threat Detection
Toyota,Innova,2021,Petrol,Manual,735317,21.3,1498,6,Budget,2,Yes,Yes,5,OTA Security
Kia,Carens,2024,Hybrid,DCT,1105990,14.3,1498,5,Budget,1,No,No,2,Basic Monitoring
Hyundai,Venue,2023,Petrol,Manual,1509524,12.1,998,5,Midrange,0,Yes,Yes,3,OTA Security
Kia,Sonet,2019,Petrol,Manual,763371,28,998,6,Budget,2,No,No,7,Basic Monitoring
Maruti,Brezza,2019,Petrol,DCT,2760036,19.2,2184,5,Premium,1,Yes,Yes,7,Vulnerability Management
Honda,Elevate,2023,Hybrid,Manual,4576979,21,1197,6,Luxury,1,No,No,3,OTA Security
Kia,Seltos,2025,Diesel,DCT,2404021,16.9,2184,5,Premium,1,No,No,1,Threat Detection
Kia,Sonet,2023,Hybrid,CVT,1021040,13.7,1498,5,Budget,3,No,No,3,Threat Detection
Mahindra,ScorpioN,2020,Electric,DCT,2207780,284.6,0,6,Midrange,1,Yes,Yes,6,Vulnerability Management
Toyota,Innova,2026,Petrol,Automatic,2329021,20.1,1997,5,Premium,3,Yes,Yes,0,Premium Cyber Suite
Kia,Seltos,2019,Diesel,DCT,1585000,26.2,998,5,Midrange,0,Yes,No,7,Threat Detection
Kia,Carens,2022,Diesel,Manual,2548439,15.1,1498,7,Premium,2,Yes,Yes,4,Vulnerability Management
Honda,Amaze,2023,Electric,Manual,3211383,385.5,0,7,Premium,3,Yes,Yes,3,Premium Cyber Suite
Honda,Elevate,2020,Electric,DCT,3149550,373.8,0,6,Premium,2,No,No,6,OTA Security
Mahindra,ScorpioN,2023,Petrol,Manual,817530,28.8,998,6,Budget,3,Yes,No,3,OTA Security
Toyota,Innova,2022,Diesel,Automatic,993877,14.1,1498,5,Budget,1,Yes,Yes,4,OTA Security
Toyota,Fortuner,2024,Petrol,Automatic,1676665,27.3,998,5,Midrange,0,No,No,2,Basic Monitoring
MG,ZS EV,2025,Diesel,DCT,973346,19.3,998,5,Budget,2,Yes,Yes,1,OTA Security
Tata,Harrier,2022,Diesel,Manual,3951214,23.5,1197,5,Luxury,0,No,No,4,Threat Detection
Honda,City,2026,Petrol,Manual,880428,27.5,2184,6,Budget,2,No,No,0,Basic Monitoring
Hyundai,Verna,2021,Petrol,Manual,2498368,13.7,998,5,Premium,1,Yes,Yes,5,Vulnerability Management
Mahindra,Thar,2019,Electric,CVT,4419670,275.5,0,5,Luxury,2,Yes,Yes,7,Premium Cyber Suite
MG,Astor,2019,Petrol,Automatic,1089173,13.5,998,7,Budget,1,Yes,Yes,7,OTA Security
Toyota,Fortuner,2025,Petrol,Manual,2458321,26.6,2184,7,Premium,3,Yes,No,1,Vulnerability Management
Honda,Amaze,2020,Petrol,DCT,1453297,25.1,1498,5,Midrange,2,No,No,6,Threat Detection
Tata,Harrier,2026,Diesel,Manual,727009,14.8,2184,7,Budget,0,No,No,0,Basic Monitoring
Tata,Safari,2020,Hybrid,Automatic,1906999,19.3,2184,5,Midrange,0,No,No,6,Basic Monitoring
Mahindra,Thar,2024,Petrol,Automatic,712725,13.1,1497,6,Budget,2,Yes,Yes,2,OTA Security
Mahindra,XUV700,2018,Electric,Manual,4647666,457.8,0,5,Luxury,0,No,No,8,Threat Detection
MG,ZS EV,2021,Diesel,CVT,1568496,25.7,1997,5,Midrange,2,Yes,Yes,5,Vulnerability Management
Mahindra,XUV700,2025,Electric,CVT,3199179,332.1,0,7,Premium,3,No,No,1,OTA Security
Kia,Carens,2020,Hybrid,Automatic,1759629,28.8,1197,7,Midrange,1,No,No,6,Threat Detection
Maruti,Grand Vitara,2018,Electric,CVT,2041044,399.5,0,6,Midrange,2,Yes,Yes,8,Premium Cyber Suite
Honda,Amaze,2022,Petrol,Automatic,653982,21,1997,5,Budget,1,No,No,4,Basic Monitoring
Tata,Nexon,2021,Petrol,CVT,2331986,19.1,1197,5,Premium,0,No,No,5,Basic Monitoring
Toyota,Fortuner,2024,Hybrid,DCT,2099662,16,998,7,Midrange,3,No,No,2,OTA Security
Tata,Harrier,2022,Hybrid,Manual,1775642,14.6,1197,5,Midrange,0,No,No,4,Basic Monitoring
MG,Hector,2025,Petrol,Manual,2404913,22.7,998,5,Premium,1,No,No,1,Threat Detection
Honda,City,2024,Hybrid,CVT,1709505,16.1,1497,5,Midrange,0,No,No,2,Basic Monitoring
Mahindra,Thar,2023,Hybrid,Manual,4372438,27.4,1197,6,Luxury,1,Yes,Yes,3,Premium Cyber Suite
Mahindra,XUV700,2023,Hybrid,Manual,1324627,24.6,998,5,Budget,1,Yes,Yes,3,Vulnerability Management
Kia,Seltos,2021,Petrol,CVT,833712,25.7,2184,5,Budget,0,Yes,Yes,5,Threat Detection
Toyota,Hyryder,2022,Petrol,Automatic,3867047,28.6,1497,6,Luxury,1,Yes,Yes,4,Vulnerability Management
Toyota,Innova,2019,Diesel,CVT,1494869,14,1498,7,Midrange,2,No,No,7,Threat Detection
Maruti,Baleno,2018,Electric,Automatic,2093739,541.2,0,5,Midrange,2,Yes,Yes,8,Premium Cyber Suite
Hyundai,Venue,2025,Hybrid,Automatic,1225438,15.7,1197,6,Budget,2,Yes,Yes,1,Vulnerability Management
Toyota,Hyryder,2024,Diesel,Automatic,980542,23.4,1997,5,Budget,3,Yes,Yes,2,Vulnerability Management
Toyota,Hyryder,2025,Diesel,Automatic,4154910,24.2,998,5,Luxury,2,No,No,1,OTA Security
Tata,Nexon,2020,Petrol,Automatic,2732157,26.4,998,5,Premium,2,No,No,6,Threat Detection
Mahindra,ScorpioN,2018,Petrol,Automatic,4140446,25.8,1498,6,Luxury,1,No,No,8,Threat Detection
Toyota,Innova,2025,Diesel,Manual,897922,22.1,1497,7,Budget,2,Yes,Yes,1,OTA Security
Hyundai,Verna,2018,Petrol,Manual,1749061,18.3,1498,5,Midrange,1,Yes,Yes,8,OTA Security
MG,Hector,2021,Diesel,DCT,916521,12.1,1997,7,Budget,1,Yes,Yes,5,OTA Security
Honda,Elevate,2022,Diesel,Automatic,1492938,21.2,1197,5,Midrange,0,No,No,4,Basic Monitoring
Tata,Nexon,2019,Petrol,Manual,2545231,24.3,1197,5,Premium,3,Yes,Yes,7,Premium Cyber Suite
Maruti,Baleno,2025,Petrol,Automatic,1096539,16.8,1197,7,Budget,2,Yes,Yes,1,OTA Security
Hyundai,Venue,2024,Petrol,Manual,916254,19.8,2184,5,Budget,0,No,No,2,Basic Monitoring
MG,ZS EV,2020,Diesel,Manual,2705562,23.3,1197,6,Premium,2,No,No,6,Threat Detection
Honda,Amaze,2023,Diesel,Manual,1525834,23.1,998,7,Midrange,2,No,No,3,Threat Detection
Toyota,Innova,2019,Electric,Manual,4770806,287.6,0,5,Luxury,2,Yes,No,7,Vulnerability Management
Honda,Elevate,2021,Hybrid,Automatic,4537985,26.3,2184,5,Luxury,1,No,No,5,OTA Security
MG,Astor,2018,Hybrid,CVT,4270698,12.5,1497,6,Luxury,0,No,No,8,Threat Detection
Maruti,Grand Vitara,2019,Diesel,Automatic,2458829,28.6,1997,7,Premium,2,Yes,Yes,7,Vulnerability Management
Toyota,Innova,2022,Petrol,Manual,1029607,12.7,1197,5,Budget,1,Yes,Yes,4,OTA Security
Tata,Nexon,2021,Petrol,CVT,1734476,29.1,1197,5,Midrange,2,Yes,No,5,OTA Security
Toyota,Innova,2021,Petrol,Automatic,1392696,18.4,998,5,Midrange,3,Yes,Yes,5,Vulnerability Management
MG,ZS EV,2018,Diesel,Manual,1462708,28.3,1997,5,Midrange,1,Yes,Yes,8,OTA Security
Toyota,Innova,2024,Petrol,Manual,1779202,27.9,1498,5,Midrange,2,No,No,2,Threat Detection
Mahindra,XUV700,2019,Electric,Manual,3281170,494.6,0,5,Premium,2,No,No,7,OTA Security
Maruti,Baleno,2026,Hybrid,Automatic,2073401,14.2,1997,7,Midrange,2,Yes,No,0,Vulnerability Management
Toyota,Fortuner,2021,Petrol,CVT,1674930,21.3,1497,5,Midrange,2,Yes,No,5,OTA Security
Tata,Nexon,2023,Hybrid,Automatic,2606061,12.6,1197,5,Premium,0,No,No,3,Threat Detection
Honda,Elevate,2019,Electric,Manual,1928730,532.9,0,7,Midrange,1,No,No,7,Threat Detection
Kia,Carens,2019,Petrol,Automatic,2495914,14.2,998,7,Premium,0,No,No,7,Basic Monitoring
Toyota,Hyryder,2024,Diesel,Manual,1646168,23.6,1997,5,Midrange,1,Yes,Yes,2,OTA Security
Toyota,Hyryder,2020,Hybrid,DCT,3075619,28.8,1497,5,Premium,2,No,No,6,OTA Security
MG,Astor,2019,Diesel,Manual,3915345,17,1497,5,Luxury,1,Yes,Yes,7,Vulnerability Management
Mahindra,XUV700,2022,Petrol,Manual,3911776,28.8,1498,6,Luxury,1,No,No,4,Threat Detection
Honda,Amaze,2026,Petrol,Manual,1583588,13.2,1197,6,Midrange,0,No,No,0,Basic Monitoring
Mahindra,Thar,2018,Diesel,DCT,4110330,17.7,2184,5,Luxury,3,Yes,Yes,8,Premium Cyber Suite
Mahindra,XUV700,2019,Diesel,Manual,1584186,27.5,2184,5,Midrange,0,Yes,Yes,7,OTA Security
Toyota,Fortuner,2018,Petrol,Automatic,2566321,13.1,1197,5,Premium,2,Yes,No,8,OTA Security
Hyundai,Venue,2023,Diesel,Automatic,1667585,13.9,998,7,Midrange,2,No,No,3,Threat Detection
Maruti,Baleno,2019,Diesel,Automatic,1451103,14.5,998,5,Midrange,1,Yes,Yes,7,OTA Security
Maruti,Brezza,2026,Petrol,CVT,2793577,16.6,1498,5,Premium,2,Yes,Yes,0,Vulnerability Management
Hyundai,Verna,2025,Electric,Manual,3189307,342.3,0,7,Premium,2,Yes,Yes,1,Premium Cyber Suite
Honda,City,2024,Petrol,Automatic,2474282,12.6,1197,6,Premium,2,No,No,2,Threat Detection
Kia,Sonet,2024,Diesel,Automatic,1634326,22.3,998,6,Midrange,1,No,No,2,Basic Monitoring
Kia,Seltos,2022,Petrol,Manual,1308428,29.9,1498,6,Midrange,1,Yes,No,4,Threat Detection
Mahindra,ScorpioN,2021,Hybrid,Automatic,1112984,26.5,1197,5,Budget,2,Yes,No,5,OTA Security
Hyundai,Venue,2022,Diesel,Automatic,1364730,28,1497,7,Midrange,1,Yes,Yes,4,OTA Security
Tata,Nexon,2024,Petrol,CVT,3844460,14.5,2184,7,Luxury,0,No,No,2,Threat Detection
Maruti,Grand Vitara,2018,Hybrid,Manual,1741593,28.5,2184,6,Midrange,2,Yes,Yes,8,Vulnerability Management
MG,Astor,2018,Petrol,Automatic,860904,17.3,1197,5,Budget,2,No,No,8,Basic Monitoring
Honda,Elevate,2020,Petrol,Automatic,677573,18.1,1497,6,Budget,1,No,No,6,Basic Monitoring
Tata,Nexon,2026,Petrol,CVT,2461952,20.1,998,5,Premium,2,No,No,0,Threat Detection
Tata,Harrier,2020,Petrol,Automatic,2419360,15.4,998,7,Premium,1,No,No,6,Threat Detection
Kia,Sonet,2024,Petrol,Automatic,2420552,25.1,2184,5,Premium,1,Yes,Yes,2,Vulnerability Management
Tata,Safari,2019,Electric,DCT,2380466,503.9,0,5,Midrange,1,No,No,7,Threat Detection
Hyundai,Venue,2018,Electric,Automatic,3168432,530.1,0,5,Premium,1,No,No,8,Threat Detection
MG,Hector,2026,Petrol,CVT,677902,14.7,998,5,Budget,0,Yes,No,0,Basic Monitoring
MG,Astor,2026,Petrol,Manual,622352,17.6,1498,5,Budget,2,Yes,Yes,0,OTA Security
MG,Astor,2024,Electric,Automatic,2148235,371.4,0,5,Midrange,1,Yes,No,2,OTA Security
Maruti,Brezza,2022,Diesel,DCT,992684,17.7,1497,5,Budget,2,Yes,Yes,4,OTA Security
Mahindra,Thar,2023,Petrol,Manual,2575978,22,1497,5,Premium,2,No,No,3,Threat Detection
Toyota,Innova,2023,Petrol,Automatic,1567798,19.9,1498,6,Midrange,3,Yes,No,3,OTA Security
Maruti,Grand Vitara,2018,Diesel,Automatic,3956881,21,998,5,Luxury,1,No,No,8,Threat Detection
Tata,Safari,2025,Petrol,Manual,2412799,15.4,1497,5,Premium,2,Yes,Yes,1,Vulnerability Management
Maruti,Brezza,2019,Hybrid,Manual,2973226,16.7,998,5,Premium,3,Yes,Yes,7,Premium Cyber Suite
Tata,Harrier,2019,Petrol,Manual,1013376,24.7,1497,5,Budget,3,Yes,Yes,7,Vulnerability Management
Toyota,Fortuner,2019,Diesel,Automatic,1725079,16.1,1197,5,Midrange,0,No,No,7,Basic Monitoring
MG,ZS EV,2024,Electric,Automatic,1593218,329.2,0,5,Budget,0,Yes,Yes,2,OTA Security
MG,Hector,2026,Hybrid,CVT,2928675,21.1,1498,7,Premium,0,No,No,0,Threat Detection
Maruti,Brezza,2020,Petrol,Automatic,918245,16,1197,6,Budget,1,Yes,No,6,Threat Detection
Kia,Carens,2018,Electric,Manual,1287754,362.5,0,7,Budget,0,No,No,8,Basic Monitoring
Tata,Harrier,2018,Petrol,Manual,763681,27.8,1997,5,Budget,2,No,No,8,Basic Monitoring
Maruti,Baleno,2025,Petrol,Automatic,2434132,19.4,1497,6,Premium,0,Yes,Yes,1,OTA Security
Tata,Nexon,2025,Petrol,Automatic,888161,26.2,2184,7,Budget,3,Yes,No,1,OTA Security
Mahindra,XUV700,2021,Electric,Automatic,3181639,341.6,0,6,Premium,0,No,No,5,Threat Detection
Mahindra,ScorpioN,2022,Hybrid,Manual,1345900,23.6,1498,7,Budget,0,Yes,Yes,4,OTA Security
Mahindra,Thar,2018,Electric,Automatic,4417019,283.1,0,5,Luxury,3,Yes,No,8,Premium Cyber Suite
Kia,Carens,2022,Petrol,Manual,2445289,13.6,1997,5,Premium,2,No,No,4,Threat Detection
Maruti,Grand Vitara,2019,Petrol,Manual,1057660,13.6,2184,5,Budget,1,Yes,Yes,7,OTA Security
Kia,Carens,2021,Hybrid,Manual,4149727,18.1,1497,5,Luxury,0,No,No,5,Threat Detection
Honda,Amaze,2022,Petrol,Automatic,1695683,19.4,2184,6,Midrange,0,Yes,Yes,4,OTA Security
Honda,Amaze,2025,Petrol,Automatic,1558144,26.2,1498,5,Midrange,1,Yes,Yes,1,OTA Security
Toyota,Innova,2019,Diesel,DCT,781427,22,1997,7,Budget,1,No,No,7,Basic Monitoring
Kia,Seltos,2024,Hybrid,CVT,1218665,20.8,1498,5,Budget,2,No,No,2,Threat Detection
Honda,City,2018,Petrol,Manual,1475275,17.5,1197,5,Midrange,1,No,No,8,Basic Monitoring
Maruti,Grand Vitara,2025,Diesel,CVT,906722,21.4,1498,5,Budget,2,Yes,No,1,Threat Detection
Maruti,Grand Vitara,2025,Hybrid,Manual,3019814,29.7,1498,5,Premium,2,Yes,Yes,1,Premium Cyber Suite
Tata,Harrier,2025,Diesel,Automatic,1421197,24.2,998,5,Midrange,1,Yes,Yes,1,OTA Security
Mahindra,XUV700,2025,Petrol,Manual,1329955,22.2,1498,5,Midrange,1,No,No,1,Basic Monitoring
Kia,Sonet,2025,Petrol,CVT,1489746,25.8,1498,6,Midrange,3,Yes,Yes,1,Vulnerability Management
Tata,Nexon,2019,Hybrid,Manual,2037013,26.6,2184,6,Midrange,3,Yes,Yes,7,Premium Cyber Suite
Tata,Safari,2024,Diesel,Automatic,1581039,13.1,1997,5,Midrange,3,Yes,Yes,2,Vulnerability Management
MG,ZS EV,2023,Diesel,DCT,1735134,17.3,1197,5,Midrange,2,No,No,3,Threat Detection
Maruti,Grand Vitara,2022,Electric,Manual,1978842,480.2,0,5,Midrange,1,No,No,4,Threat Detection
Maruti,Grand Vitara,2023,Diesel,Automatic,1624545,16.8,1498,5,Midrange,1,No,No,3,Basic Monitoring
Honda,Elevate,2021,Petrol,Automatic,767623,14.3,998,5,Budget,2,No,No,5,Basic Monitoring
Toyota,Innova,2025,Petrol,Automatic,1443074,23,1497,5,Midrange,2,No,No,1,Threat Detection
Kia,Sonet,2018,Petrol,CVT,1590437,21.4,1497,5,Midrange,3,Yes,No,8,OTA Security
Toyota,Fortuner,2026,Petrol,Automatic,978334,17.5,2184,7,Budget,2,Yes,Yes,0,OTA Security
Tata,Safari,2022,Electric,Manual,1309592,346.2,0,5,Budget,0,No,No,4,Basic Monitoring
Tata,Safari,2024,Petrol,CVT,2739579,27.8,1498,5,Premium,0,Yes,No,2,Threat Detection
Toyota,Hyryder,2025,Diesel,Automatic,752752,16.8,1498,6,Budget,3,Yes,Yes,1,Vulnerability Management
Tata,Nexon,2021,Electric,DCT,4503057,289,0,7,Luxury,2,Yes,Yes,5,Premium Cyber Suite
Mahindra,XUV700,2022,Electric,Manual,2911087,265.7,0,7,Premium,0,No,No,4,Threat Detection
Hyundai,Verna,2023,Petrol,Manual,1610325,15.6,1197,5,Midrange,3,Yes,Yes,3,Vulnerability Management
Tata,Harrier,2019,Petrol,Manual,1752046,21.5,1197,5,Midrange,2,Yes,No,7,OTA Security
Tata,Harrier,2020,Diesel,Manual,1680737,18,1498,5,Midrange,1,No,No,6,Basic Monitoring
MG,ZS EV,2026,Hybrid,Manual,995595,28.6,1197,7,Budget,1,No,No,0,Basic Monitoring
Hyundai,Creta,2021,Diesel,Manual,1608412,24.6,1197,5,Midrange,1,Yes,Yes,5,OTA Security
MG,Hector,2026,Diesel,Manual,1708158,12.8,1498,5,Midrange,3,Yes,Yes,0,Vulnerability Management
Hyundai,Creta,2024,Petrol,Automatic,4076672,23.6,1498,7,Luxury,1,No,No,2,Threat Detection
Kia,Carens,2021,Electric,Manual,2303056,365,0,5,Midrange,1,Yes,No,5,OTA Security
Tata,Harrier,2022,Diesel,Automatic,1622090,27.6,1997,5,Midrange,0,Yes,Yes,4,OTA Security
Maruti,Grand Vitara,2021,Hybrid,Manual,1872240,26.9,1497,5,Midrange,1,No,No,5,Threat Detection
Tata,Safari,2026,Hybrid,DCT,4408084,23.3,1498,5,Luxury,1,Yes,Yes,0,Premium Cyber Suite
Maruti,Brezza,2023,Petrol,Automatic,2365115,23.7,1197,7,Premium,2,Yes,No,3,OTA Security
Maruti,Grand Vitara,2021,Petrol,DCT,2386576,18.3,998,5,Premium,3,Yes,No,5,Vulnerability Management
Tata,Harrier,2019,Electric,Manual,2931520,323,0,5,Premium,2,No,No,7,OTA Security
Tata,Nexon,2020,Electric,Automatic,1948977,251.5,0,5,Midrange,2,No,No,6,Threat Detection
Mahindra,XUV700,2019,Hybrid,Automatic,1997443,28.8,1197,5,Midrange,3,No,No,7,OTA Security
Kia,Carens,2019,Hybrid,Manual,929315,24.8,1197,7,Budget,3,Yes,Yes,7,Vulnerability Management
Honda,Elevate,2025,Diesel,CVT,1575479,17.9,2184,5,Midrange,3,Yes,No,1,OTA Security
Toyota,Hyryder,2019,Petrol,Manual,676199,14.5,1497,5,Budget,3,Yes,Yes,7,Vulnerability Management
Honda,City,2026,Petrol,CVT,1544862,26.1,2184,5,Midrange,2,No,No,0,Threat Detection
Honda,Elevate,2018,Petrol,DCT,821890,23.2,1497,5,Budget,2,No,No,8,Basic Monitoring
MG,Hector,2019,Hybrid,Manual,2999615,22.5,998,5,Premium,1,No,No,7,Threat Detection
Tata,Safari,2020,Hybrid,Manual,2621533,27.3,1997,5,Premium,1,Yes,Yes,6,Vulnerability Management
Honda,Elevate,2021,Petrol,Manual,1750260,14.4,1197,6,Midrange,0,No,No,5,Basic Monitoring
MG,Hector,2022,Diesel,CVT,1789565,18.7,2184,5,Midrange,1,Yes,No,4,Threat Detection
Mahindra,XUV700,2026,Diesel,CVT,2725844,12.7,1498,5,Premium,2,Yes,Yes,0,Vulnerability Management
Kia,Sonet,2023,Diesel,Manual,2598419,28.6,998,6,Premium,2,Yes,No,3,OTA Security
Maruti,Brezza,2021,Hybrid,Manual,2043261,16,998,5,Midrange,1,Yes,Yes,5,Vulnerability Management
MG,Hector,2025,Petrol,Automatic,757876,14.8,1197,6,Budget,0,Yes,Yes,1,Threat Detection
Maruti,Grand Vitara,2021,Electric,DCT,3397253,346.7,0,6,Premium,0,No,No,5,Threat Detection
Tata,Nexon,2023,Petrol,Automatic,1714347,28,1497,6,Midrange,1,Yes,No,3,Threat Detection
Mahindra,XUV700,2024,Electric,DCT,2006712,480.3,0,6,Midrange,1,No,No,2,Threat Detection
Maruti,Baleno,2018,Diesel,CVT,1304078,22.4,998,7,Midrange,1,No,No,8,Basic Monitoring
Maruti,Baleno,2018,Petrol,Manual,1077478,14.9,2184,7,Budget,1,Yes,Yes,8,OTA Security
MG,Astor,2021,Petrol,Automatic,2708124,13.2,2184,6,Premium,3,Yes,Yes,5,Premium Cyber Suite
Tata,Safari,2026,Electric,Automatic,1912815,516.9,0,5,Midrange,3,Yes,Yes,0,Premium Cyber Suite
Hyundai,Creta,2019,Petrol,Manual,812807,24.3,2184,5,Budget,1,Yes,Yes,7,OTA Security
Toyota,Hyryder,2024,Petrol,Automatic,601278,21.8,2184,6,Budget,2,No,No,2,Basic Monitoring
Mahindra,Thar,2019,Diesel,Automatic,1448544,25.6,1498,6,Midrange,3,Yes,Yes,7,Vulnerability Management
Maruti,Brezza,2022,Electric,CVT,3185043,282.4,0,5,Premium,1,No,No,4,Threat Detection
Mahindra,Thar,2024,Diesel,Automatic,1027909,20.3,1997,5,Budget,1,Yes,Yes,2,OTA Security
Mahindra,ScorpioN,2024,Diesel,Automatic,2471579,21.9,1498,5,Premium,1,No,No,2,Threat Detection
Kia,Carens,2020,Petrol,Automatic,1460408,15.9,1997,7,Midrange,3,Yes,No,6,OTA Security
Honda,City,2019,Electric,Manual,2063028,579.5,0,6,Midrange,2,Yes,Yes,7,Premium Cyber Suite
Tata,Safari,2024,Petrol,DCT,1519309,13.1,998,7,Midrange,2,No,No,2,Threat Detection
Mahindra,XUV700,2020,Petrol,CVT,1761910,14.5,998,5,Midrange,2,Yes,Yes,6,Vulnerability Management
MG,ZS EV,2021,Diesel,Automatic,802797,20.9,1497,7,Budget,2,Yes,Yes,5,OTA Security
Honda,Elevate,2026,Petrol,DCT,2471892,28.4,1497,6,Premium,2,No,No,0,Threat Detection
Maruti,Baleno,2023,Electric,Automatic,2254943,368.1,0,5,Midrange,0,No,No,3,Threat Detection
Maruti,Baleno,2025,Hybrid,Manual,1215440,28.5,1197,6,Budget,1,No,No,1,Threat Detection
Tata,Harrier,2024,Petrol,DCT,1762846,17.3,998,7,Midrange,1,Yes,Yes,2,OTA Security
Maruti,Grand Vitara,2022,Diesel,Manual,1326586,22.3,1997,5,Midrange,1,Yes,Yes,4,OTA Security
Tata,Harrier,2024,Petrol,Manual,1060914,23.3,1197,5,Budget,3,Yes,Yes,2,Vulnerability Management
Mahindra,Thar,2026,Electric,Automatic,2272358,456.9,0,5,Midrange,3,Yes,Yes,0,Premium Cyber Suite
Kia,Seltos,2021,Petrol,Manual,1782393,23.1,998,6,Midrange,3,No,No,5,Threat Detection
Tata,Nexon,2023,Petrol,Automatic,1483276,26,1497,7,Midrange,1,No,No,3,Basic Monitoring
Maruti,Grand Vitara,2018,Petrol,Manual,694471,13.7,998,5,Budget,1,No,No,8,Basic Monitoring
Toyota,Innova,2026,Electric,Manual,4403271,501.8,0,5,Luxury,2,Yes,No,0,Vulnerability Management
Toyota,Fortuner,2024,Petrol,Automatic,1066325,20.2,1497,5,Budget,3,Yes,Yes,2,Vulnerability Management
MG,ZS EV,2022,Electric,Manual,2922925,348.7,0,5,Premium,1,Yes,Yes,4,Vulnerability Management
Mahindra,ScorpioN,2024,Diesel,Automatic,716215,18.4,1997,5,Budget,1,Yes,Yes,2,OTA Security
Maruti,Brezza,2022,Diesel,Manual,839548,24.1,1498,6,Budget,3,No,No,4,Threat Detection
Tata,Nexon,2025,Hybrid,Manual,1086775,28.5,1498,7,Budget,3,No,No,1,Threat Detection
MG,ZS EV,2024,Diesel,Manual,4205065,13.6,1498,6,Luxury,0,Yes,Yes,2,Vulnerability Management
Toyota,Fortuner,2021,Petrol,CVT,1420395,12.3,1497,5,Midrange,2,No,No,5,Threat Detection
Kia,Carens,2023,Electric,CVT,2148030,453.6,0,5,Midrange,2,No,No,3,OTA Security
Mahindra,XUV700,2026,Petrol,Manual,958300,26.1,2184,5,Budget,1,No,No,0,Basic Monitoring
Hyundai,Verna,2018,Petrol,Manual,1006226,21.8,998,5,Budget,2,Yes,Yes,8,OTA Security
Hyundai,Creta,2021,Petrol,Automatic,1429925,12.1,1498,5,Midrange,1,Yes,Yes,5,OTA Security
Kia,Seltos,2025,Hybrid,Manual,1883251,16.7,1498,6,Midrange,3,Yes,Yes,1,Premium Cyber Suite
Tata,Safari,2020,Petrol,Automatic,2691481,18.1,2184,7,Premium,1,Yes,No,6,OTA Security
Mahindra,Thar,2021,Electric,DCT,2196431,546.4,0,5,Midrange,2,Yes,Yes,5,Premium Cyber Suite
Maruti,Baleno,2019,Diesel,Automatic,1485915,29.4,1997,5,Midrange,2,Yes,Yes,7,Vulnerability Management
Tata,Safari,2019,Electric,Automatic,3367916,519.2,0,5,Premium,2,Yes,Yes,7,Premium Cyber Suite
Toyota,Hyryder,2019,Diesel,Manual,2450744,26.7,2184,5,Premium,2,Yes,Yes,7,Vulnerability Management
Tata,Harrier,2023,Hybrid,CVT,1356190,22.3,1497,6,Budget,1,Yes,Yes,3,Vulnerability Management
Tata,Safari,2025,Electric,DCT,2903516,414.1,0,5,Premium,2,Yes,No,1,Vulnerability Management
Maruti,Brezza,2020,Diesel,Automatic,2515309,23.4,1498,5,Premium,0,Yes,No,6,Threat Detection
Hyundai,Verna,2024,Diesel,CVT,2313835,26.2,1498,5,Premium,3,No,No,2,OTA Security
Hyundai,Verna,2022,Electric,Manual,2242716,297.6,0,6,Midrange,1,Yes,Yes,4,Vulnerability Management
Mahindra,Thar,2018,Petrol,CVT,1661923,20.9,998,5,Midrange,1,Yes,Yes,8,OTA Security
Kia,Carens,2025,Petrol,Automatic,652720,25.9,1997,6,Budget,0,Yes,Yes,1,Threat Detection
Kia,Sonet,2018,Electric,Automatic,2211755,447,0,5,Midrange,1,No,No,8,Threat Detection
Mahindra,XUV700,2018,Petrol,CVT,2407296,27,2184,6,Premium,1,Yes,No,8,OTA Security
Kia,Carens,2026,Hybrid,Automatic,1625536,16.8,2184,7,Midrange,1,Yes,Yes,0,Vulnerability Management
Maruti,Baleno,2025,Petrol,Automatic,1683161,16.7,1498,5,Midrange,0,No,No,1,Basic Monitoring
MG,Hector,2021,Petrol,DCT,4149525,15.9,1197,5,Luxury,2,Yes,Yes,5,Premium Cyber Suite
Maruti,Baleno,2025,Hybrid,Manual,918924,18.8,1497,6,Budget,2,Yes,Yes,1,Vulnerability Management
Hyundai,Creta,2024,Electric,Manual,1420320,333.6,0,5,Budget,3,Yes,Yes,2,Premium Cyber Suite
Toyota,Hyryder,2019,Petrol,Automatic,1320764,26.4,2184,6,Midrange,1,Yes,Yes,7,OTA Security
Honda,City,2021,Petrol,Manual,1390001,17,1997,6,Midrange,0,No,No,5,Basic Monitoring
Kia,Sonet,2026,Petrol,Manual,909796,18.6,1498,5,Budget,3,Yes,Yes,0,Vulnerability Management
Mahindra,XUV700,2020,Diesel,Manual,1567745,12.1,1197,7,Midrange,1,No,No,6,Basic Monitoring
Kia,Carens,2025,Petrol,CVT,1465814,25,1997,5,Midrange,1,Yes,Yes,1,OTA Security
MG,Hector,2021,Petrol,Manual,1458235,28.6,998,5,Midrange,2,Yes,Yes,5,Vulnerability Management
Honda,Elevate,2023,Petrol,Automatic,2540872,21.3,2184,5,Premium,0,No,No,3,Basic Monitoring
Maruti,Baleno,2023,Diesel,Automatic,1762453,19.3,1498,6,Midrange,2,Yes,Yes,3,Vulnerability Management
Tata,Safari,2026,Petrol,Manual,1442751,23.6,1497,5,Midrange,1,No,No,0,Basic Monitoring
Hyundai,Creta,2019,Petrol,Manual,1692520,17,1997,5,Midrange,2,Yes,Yes,7,Vulnerability Management
Hyundai,Creta,2019,Electric,CVT,2359953,467.9,0,5,Midrange,2,Yes,No,7,Vulnerability Management
Toyota,Fortuner,2021,Petrol,DCT,1577175,23.4,998,5,Midrange,1,No,No,5,Basic Monitoring
Honda,Amaze,2025,Petrol,Manual,1507419,19.4,2184,5,Midrange,0,Yes,No,1,Threat Detection
Maruti,Brezza,2022,Electric,Manual,2118222,293.2,0,5,Midrange,3,Yes,Yes,4,Premium Cyber Suite
Honda,Amaze,2022,Hybrid,Automatic,1675542,27.1,998,6,Midrange,2,Yes,Yes,4,Vulnerability Management
Toyota,Hyryder,2022,Petrol,Automatic,4281467,28.7,1498,5,Luxury,3,Yes,Yes,4,Premium Cyber Suite
Tata,Harrier,2018,Hybrid,Manual,2047339,25.9,998,6,Midrange,3,Yes,Yes,8,Premium Cyber Suite
Toyota,Innova,2020,Petrol,Automatic,2688084,15,2184,5,Premium,0,No,No,6,Basic Monitoring
MG,Hector,2024,Petrol,Automatic,3976913,13.5,2184,5,Luxury,1,No,No,2,Threat Detection
Kia,Seltos,2021,Petrol,Manual,1683159,28.9,998,5,Midrange,2,Yes,Yes,5,Vulnerability Management
Maruti,Baleno,2023,Diesel,Automatic,1649691,13.1,1497,5,Midrange,1,Yes,Yes,3,OTA Security
Kia,Carens,2020,Petrol,CVT,2637182,14.9,1997,7,Premium,2,No,No,6,Threat Detection
Kia,Carens,2019,Petrol,Manual,2413455,24.5,1498,7,Premium,2,No,No,7,Threat Detection
Toyota,Hyryder,2019,Petrol,Manual,1302999,26.8,998,5,Midrange,3,No,No,7,Threat Detection
MG,Hector,2018,Petrol,Automatic,1458715,21.2,1997,6,Midrange,2,Yes,No,8,OTA Security
Maruti,Grand Vitara,2022,Diesel,Automatic,697841,18.9,2184,5,Budget,3,Yes,Yes,4,Vulnerability Management
Hyundai,Venue,2022,Electric,Automatic,2376503,289.8,0,5,Midrange,3,Yes,Yes,4,Premium Cyber Suite
Hyundai,Creta,2021,Petrol,Manual,653656,21.6,1197,5,Budget,1,No,No,5,Basic Monitoring
Kia,Seltos,2026,Petrol,Automatic,665737,25.2,1497,6,Budget,0,No,No,0,Basic Monitoring
Mahindra,ScorpioN,2025,Electric,Automatic,4482889,542.3,0,5,Luxury,0,Yes,Yes,1,Vulnerability Management
Mahindra,XUV700,2026,Diesel,CVT,2548558,28.5,1197,7,Premium,1,Yes,Yes,0,Vulnerability Management
MG,Astor,2024,Hybrid,DCT,1882633,21,1197,5,Midrange,2,No,No,2,Threat Detection
Tata,Harrier,2023,Petrol,Manual,1310729,26.2,998,5,Midrange,1,Yes,Yes,3,OTA Security
MG,ZS EV,2022,Hybrid,CVT,1044970,19.9,2184,7,Budget,0,Yes,No,4,Threat Detection
Toyota,Hyryder,2020,Diesel,CVT,2799909,22.5,1497,5,Premium,2,No,No,6,Threat Detection
Toyota,Hyryder,2019,Electric,Manual,4702282,317.1,0,5,Luxury,0,No,No,7,Threat Detection
MG,Astor,2024,Diesel,Automatic,4281618,18.3,1498,5,Luxury,0,Yes,No,2,OTA Security
Hyundai,Verna,2023,Diesel,Manual,823546,23.7,1497,5,Budget,2,Yes,Yes,3,OTA Security
Kia,Carens,2025,Hybrid,Manual,3048095,12.1,1997,7,Premium,3,Yes,Yes,1,Premium Cyber Suite
Kia,Carens,2022,Hybrid,Automatic,2809452,19.5,1498,5,Premium,0,Yes,Yes,4,Vulnerability Management
Hyundai,Creta,2026,Electric,CVT,4587906,340,0,5,Luxury,0,No,No,0,Threat Detection
Honda,Elevate,2020,Petrol,Automatic,1352859,15.4,998,5,Midrange,0,No,No,6,Basic Monitoring
Hyundai,Venue,2022,Petrol,Automatic,1485800,28.6,998,5,Midrange,0,No,No,4,Basic Monitoring
Maruti,Grand Vitara,2022,Petrol,Automatic,4222936,25.2,998,5,Luxury,3,Yes,Yes,4,Premium Cyber Suite
Tata,Harrier,2019,Diesel,Automatic,3874638,24.6,1997,6,Luxury,0,Yes,Yes,7,Vulnerability Management
Tata,Safari,2021,Electric,CVT,1532032,404.5,0,7,Budget,2,Yes,Yes,5,Vulnerability Management
Toyota,Innova,2022,Hybrid,Automatic,2767854,14.2,1197,6,Premium,3,No,No,4,OTA Security
Honda,Amaze,2024,Petrol,CVT,2414010,15.7,998,5,Premium,0,Yes,No,2,Threat Detection
Maruti,Brezza,2021,Petrol,Automatic,2709715,24.1,998,5,Premium,3,No,No,5,OTA Security
Toyota,Hyryder,2019,Diesel,Manual,2456154,12.7,998,5,Premium,1,Yes,Yes,7,Vulnerability Management
Hyundai,Verna,2020,Petrol,Automatic,645740,19.6,1498,7,Budget,1,Yes,Yes,6,OTA Security
MG,Astor,2025,Diesel,Automatic,633675,20.6,998,5,Budget,1,No,No,1,Basic Monitoring
Mahindra,XUV700,2022,Petrol,Manual,1411697,12.8,1497,5,Midrange,2,Yes,Yes,4,Vulnerability Management
Tata,Nexon,2022,Electric,Manual,1353247,366.9,0,6,Budget,0,Yes,Yes,4,OTA Security
Kia,Seltos,2018,Hybrid,CVT,4458944,22.7,1497,6,Luxury,2,No,No,8,OTA Security
MG,ZS EV,2019,Diesel,CVT,874063,28.9,1997,6,Budget,2,Yes,Yes,7,OTA Security
MG,Hector,2024,Diesel,Automatic,1333327,14.3,1197,7,Midrange,1,Yes,Yes,2,OTA Security
Hyundai,Verna,2021,Diesel,Automatic,2321873,18.5,1997,5,Premium,1,Yes,Yes,5,Vulnerability Management
Honda,Elevate,2026,Diesel,Automatic,2638270,17,1997,7,Premium,2,Yes,Yes,0,Vulnerability Management
Tata,Harrier,2024,Hybrid,Automatic,1228402,26.5,1997,5,Budget,2,Yes,No,2,OTA Security
Toyota,Hyryder,2019,Hybrid,Automatic,1946908,17,1497,7,Midrange,1,Yes,Yes,7,Vulnerability Management
Toyota,Fortuner,2020,Diesel,Automatic,1316303,19.6,1498,5,Midrange,3,Yes,Yes,6,Vulnerability Management
Mahindra,XUV700,2025,Electric,Manual,2140457,563.4,0,5,Midrange,2,Yes,Yes,1,Premium Cyber Suite
Honda,Amaze,2023,Hybrid,Automatic,1391242,28.5,2184,7,Budget,2,Yes,Yes,3,Vulnerability Management
Maruti,Grand Vitara,2025,Hybrid,Automatic,2020737,23.6,2184,5,Midrange,2,No,No,1,OTA Security
Hyundai,Creta,2018,Diesel,Manual,1785263,23.1,1498,5,Midrange,1,No,No,8,Basic Monitoring
Hyundai,Creta,2022,Diesel,Automatic,1557835,13.7,998,5,Midrange,1,Yes,No,4,Threat Detection
Maruti,Grand Vitara,2025,Petrol,Automatic,3878084,26.8,1498,5,Luxury,3,Yes,Yes,1,Premium Cyber Suite
Kia,Carens,2026,Diesel,Manual,2361588,16.4,1497,6,Premium,1,Yes,Yes,0,Vulnerability Management
Tata,Safari,2022,Hybrid,Manual,2843049,19.6,1997,7,Premium,1,Yes,Yes,4,Vulnerability Management
MG,Astor,2022,Diesel,CVT,712087,16.1,998,6,Budget,2,Yes,Yes,4,OTA Security
MG,Astor,2026,Electric,Automatic,1641178,549.3,0,5,Budget,2,Yes,Yes,0,Vulnerability Management
Hyundai,Verna,2021,Petrol,Automatic,2451211,28.6,2184,6,Premium,1,Yes,No,5,OTA Security
Honda,City,2026,Hybrid,Manual,1642296,16.9,1498,5,Midrange,3,Yes,Yes,0,Premium Cyber Suite
Toyota,Hyryder,2020,Petrol,Automatic,1455198,29.4,2184,5,Midrange,0,No,No,6,Basic Monitoring
Toyota,Innova,2020,Petrol,CVT,1407743,16.6,2184,5,Midrange,0,No,No,6,Basic Monitoring
Hyundai,Verna,2018,Diesel,Manual,653718,12.9,998,5,Budget,1,Yes,Yes,8,OTA Security
Mahindra,XUV700,2019,Electric,Manual,1653304,478.9,0,5,Budget,1,No,No,7,Threat Detection
Honda,City,2026,Petrol,Manual,2362872,29.3,1497,7,Premium,0,No,No,0,Basic Monitoring
Kia,Sonet,2020,Diesel,Automatic,1746178,25.9,1497,7,Midrange,2,Yes,Yes,6,Vulnerability Management
Mahindra,ScorpioN,2026,Petrol,Automatic,1579895,22.4,2184,5,Midrange,0,No,No,0,Basic Monitoring
Tata,Nexon,2021,Petrol,Manual,1420580,29.1,2184,5,Midrange,2,Yes,Yes,5,Vulnerability Management
Mahindra,Thar,2026,Petrol,Manual,2465754,24,998,7,Premium,0,No,No,0,Basic Monitoring
MG,ZS EV,2023,Petrol,CVT,668949,20.9,1498,5,Budget,1,Yes,Yes,3,OTA Security
Kia,Sonet,2024,Petrol,Automatic,823943,19,1997,7,Budget,1,Yes,Yes,2,OTA Security
Mahindra,ScorpioN,2022,Diesel,Manual,2539848,20.3,1197,7,Premium,1,Yes,Yes,4,Vulnerability Management
Honda,Amaze,2022,Hybrid,Automatic,1673250,16.6,1498,5,Midrange,0,No,No,4,Basic Monitoring
Honda,Elevate,2023,Hybrid,Automatic,1296186,29.8,1197,5,Budget,1,No,No,3,Threat Detection
Kia,Sonet,2018,Diesel,Manual,3989041,13.9,1498,5,Luxury,2,No,No,8,OTA Security
Toyota,Fortuner,2024,Hybrid,Manual,1940307,29.6,1997,5,Midrange,2,No,No,2,Threat Detection
Toyota,Hyryder,2026,Electric,Manual,1281031,304.4,0,5,Budget,1,No,No,0,Threat Detection
Maruti,Brezza,2025,Diesel,Manual,1437658,22.9,2184,5,Midrange,1,No,No,1,Basic Monitoring
Honda,Elevate,2026,Electric,Manual,3280448,350.8,0,5,Premium,0,No,No,0,Threat Detection
MG,Astor,2019,Diesel,Manual,957970,29.4,1498,5,Budget,1,Yes,Yes,7,OTA Security
MG,Hector,2019,Diesel,DCT,615937,25.1,1498,5,Budget,2,Yes,Yes,7,OTA Security
Honda,City,2019,Petrol,Automatic,1364366,24.7,1197,7,Midrange,3,Yes,No,7,OTA Security
Mahindra,XUV700,2025,Hybrid,Manual,1908104,28.8,2184,5,Midrange,1,No,No,1,Threat Detection
MG,Hector,2025,Diesel,Manual,710203,16.1,2184,6,Budget,1,Yes,No,1,Threat Detection
Toyota,Hyryder,2020,Hybrid,Automatic,1119273,29.3,998,5,Budget,2,Yes,Yes,6,Vulnerability Management
Tata,Nexon,2024,Petrol,Automatic,734983,16.5,2184,7,Budget,0,No,No,2,Basic Monitoring
Maruti,Baleno,2024,Electric,DCT,2358535,337,0,5,Midrange,1,Yes,Yes,2,Vulnerability Management
Honda,City,2018,Diesel,Automatic,837594,22.2,1497,5,Budget,1,No,No,8,Basic Monitoring
MG,Astor,2021,Electric,Automatic,3374249,464.3,0,5,Premium,1,No,No,5,Threat Detection
Kia,Seltos,2022,Diesel,Manual,3883838,18.7,2184,5,Luxury,2,Yes,No,4,Vulnerability Management
Mahindra,ScorpioN,2026,Hybrid,Manual,979032,23.3,998,5,Budget,0,No,No,0,Basic Monitoring
Hyundai,Verna,2022,Petrol,Manual,4166831,16.2,998,5,Luxury,1,Yes,Yes,4,Vulnerability Management
